467,https://s-light.tiket.photos/t/01E25EBZS3W0FY9GTG6C42E1SE/t_htl-dskt/tix-hotel/images-web/2021/05/11/6931e857-a317-4caa-99f0-41c7243bff46-1620726667890-f8c4efad1c53d66bc57630f82ad579de.jpg,Hotel Suma,Hotel,Buleleng Buleleng,Jl. Loviana. Anturan. Kec. Buleleng. Kabupaten Buleleng. Bali 81119. Indonesia,3.6,345206,550000,-8.151673,115.035532
468,https://s-light.tiket.photos/t/01E25EBZS3W0FY9GTG6C42E1SE/t_htl-dskt/tix-hotel/images-web/2022/01/19/5e92712b-aebc-4ca5-a647-48b3312de0a9-1642601123409-81c14e31788950162cb183ab57a99f7a.jpg,Josh Guest House,Guest House,Buleleng Buleleng,Jl. Pantai Penimbangan Gg. Balbo No.Blok E. Baktiseraga. Kec. Buleleng. Kabupaten Buleleng. Bali 81115,Belum ada rating,280000,441531,-8.124934,115.06569
469,https://s-light.tiket.photos/t/01E25EBZS3W0FY9GTG6C42E1SE/t_htl-dskt/tix-hotel/images-web/2021/02/04/91bec8b9-ca46-4f45-a70f-f2054db24940-1612412713635-4f5ad7af5580108a0afb93cf3bbaca30.jpg,OYO 3836 Vedanta Villa,Hotel,Buleleng Buleleng,B.2. Jalan Kartika No B.2 Kalibukbuk. Lovina. Sukasada - Bali. Bali,4.2,119445,137598,-8.158096,115.029305
470,https://s-light.tiket.photos/t/01E25EBZS3W0FY9GTG6C42E1SE/t_htl-dskt/tix-hotel/images-web/2021/03/12/74b439a8-2ffd-41eb-a6c1-f192290487d8-1615562472805-27cf576ada58cee8e4bd36f2841f391e.jpg,RedDoorz near Penimbangan Beach Singaraja,Hotel,Buleleng Buleleng,Jl. A. Yani No.177. Baktiseraga. Kec. Buleleng. Kabupaten Buleleng. Bali 81119. Indonesia,4.1,130133,182880,-8.124436,115.068904
471,https://s-light.tiket.photos/t/01E25EBZS3W0FY9GTG6C42E1SE/t_htl-dskt/tix-hotel/images-web/2021/10/19/340ec16b-c149-4adb-91b0-84aa14644654-1634656841140-fb211c683db9da967e8ef8c73231b65d.jpg,Hotel Sentral,Hotel,Buleleng Buleleng,Jalan. A. Yani No. 48,3.3,110600,245000,-8.11551570892334,115.078254699707
472,https://s-light.tiket.photos/t/01E25EBZS3W0FY9GTG6C42E1SE/t_htl-dskt/tix-hotel/images-web/2020/10/29/03ea586f-72cd-438a-b95b-5d272f8cca9e-1603913233187-8776fd41409d9565a1aa9b0cfabae706.jpg,Mandari Hotel,Hotel,Buleleng Buleleng,Jl. Pantai Asri. Banyuasri. Kec. Buleleng. Kabupaten Buleleng. Bali 81119. Indonesia,4.0,316666,316666,-8.118042,115.073527
473,https://s-light.tiket.photos/t/01E25EBZS3W0FY9GTG6C42E1SE/t_htl-dskt/tix-hotel/images-web/2021/11/11/f03ebc0e-8983-4b44-a7c8-169ee259d3ce-1636611031284-07b5192ad7d5498a998131f09a933d44.jpg,Puri Bali Hotel,Bed & Breakfast,Buleleng Buleleng,Jl. Mawar Lovina Kalibukbuk Singaraja,3.8,330551,620001,-8.159740447998047,115.0271224975586
474,https://s-light.tiket.photos/t/01E25EBZS3W0FY9GTG6C42E1SE/t_htl-dskt/tix-hotel/images-web/2021/03/12/07e460fd-0b47-4d94-8d1e-da6934df7fb4-1615550762047-4a71e057e4f95b741b1b0182751b478d.jpg,Asiana Lovina Hotel and Karaoke,Hotel,Buleleng Buleleng,Jalan Lovina. Dusun Banyualit. Desa Kalibukbuk. Kec. Buleleng. Kab. Buleleng. Bali. Indonesia,Belum ada rating,243825,298008,-8.157495,115.039155
475,https://s-light.tiket.photos/t/01E25EBZS3W0FY9GTG6C42E1SE/t_htl-dskt/tix-hotel/images-web/2020/10/31/7eb83fa4-c37e-4a06-aa6c-02882e94ce04-1604134907060-d5a6b0b34d86f9b396e8df9901b3c1ad.jpg,RedDoorz Plus @ Singaraja,Hotel,Buleleng Buleleng,Jl. Natuna. Penarukan. Kec. Buleleng. Kabupaten Buleleng. Bali 81155,4.4,165363,358038,-8.085821,115.114892
476,https://s-light.tiket.photos/t/01E25EBZS3W0FY9GTG6C42E1SE/t_htl-dskt/tix-hotel/images-web/2021/12/28/89ebcdb1-e837-4faf-8d01-3c19bd3c6152-1640688332432-97d59f97906add31a3597de9e02d20c4.jpg,Collection O 90805 Aditya Beach Resort And Spa,Hotel,Buleleng Buleleng,Singaraja. Parma hotel. Jalan Seririt-Singaraja. Kaliasem. Bali. 00362. Indonesia. Bali,4.2,205000,320000,-8.132512,115.060936
477,https://s-light.tiket.photos/t/01E25EBZS3W0FY9GTG6C42E1SE/t_htl-dskt/tix-hotel/images-web/2020/10/29/9a3024b5-b646-4ec2-884e-a65d00b8d8c6-1603912536521-8ede67f72786b9719b86b915e5c64a01.jpg,GM Lovina,Guest House,Buleleng Buleleng,Lovina. Jl. Seririt- Singaraja No.18. Pemaron. Kec. Buleleng. Kabupaten Buleleng. Bali 81119. Indonesia,3.7,227762,298820,-8.129361,115.061126
478,https://s-light.tiket.photos/t/01E25EBZS3W0FY9GTG6C42E1SE/t_htl-dskt/tix-hotel/images-web/2022/02/21/95d0ddd5-110b-4329-b6f6-cb9c8a663b76-1645404562371-6995beda6e141ed8b404b75b348d2c0a.jpg,Starlight Hotel Lovina,Hotel,Buleleng Buleleng,Lovina Beach. Jalan Starlight Banyualit. Kalibukbuk,4.0,372948,1458000,-8.15327358588826,115.032552480698
479,https://s-light.tiket.photos/t/01E25EBZS3W0FY9GTG6C42E1SE/t_htl-dskt/tix-hotel/images-web/2022/05/07/72b177a0-5925-42b7-8b2f-2bf08a385dd7-1651908060755-f3d47a062eb72fc40499a3a71bd45e7e.jpg,Hepi Bungalow,Hotel,Buleleng Buleleng,'Jalan Pantai Happy. Tukadmungga. Kecamatan Buleleng' 'Jalan Pantai Happy.Tukadmungga. Kecamatan Buleleng',Belum ada rating,104115,174913,-8.137619972229004,115.05471801757812
480,https://s-light.tiket.photos/t/01E25EBZS3W0FY9GTG6C42E1SE/t_htl-dskt/tix-hotel/images-web/2021/09/26/ccbbf5bb-5cb5-4f27-b0f1-b7b10798e6b0-1632647117949-1bc3b988e723c05a395b1539a6c73d37.jpg,Lidah Lokal Guest House Singaraja,Hotel,Buleleng Buleleng,Jl. Pidada Singaraja. Buleleng. Bali. Indonesia,4.6,300000,375000,-8.115077,115.07594
481,https://s-light.tiket.photos/t/01E25EBZS3W0FY9GTG6C42E1SE/t_htl-dskt/tix-hotel/images-web/2020/10/15/bbde5cb4-2cd0-4100-b23c-2aacfa7df35c-1602757572194-882d0cc2f55ddb6056db63f1c7260aa3.jpg,Hotel Mylovina,Resort Villa,Buleleng Buleleng,Jl. Binaria Lovina Beach Singaraja,4.5,345206,575001,-8.160827765692474,115.02677730750293
482,https://s-light.tiket.photos/t/01E25EBZS3W0FY9GTG6C42E1SE/t_htl-dskt/tix-hotel/images-web/2021/10/16/df34f950-ff0e-4fbc-841b-4d6c5949d6c5-1634373035058-c43226755b1543e242893d6c1fafeeb7.jpg,Grand Raka Homestay,Hotel,Buleleng Buleleng,Jl. Kartika No.64. Anturan,5.0,225625,645999,-8.157320022583008,115.02925872802734
483,https://s-light.tiket.photos/t/01E25EBZS3W0FY9GTG6C42E1SE/t_htl-dskt/tix-hotel/images-web/2021/06/29/f3a5550c-a7e5-4352-aacc-32971931dd02-1624938916308-9249b85c1cba2339d27d1bfaea9c641c.jpg,Girimana Guest House,Guest House,Buleleng Buleleng,Jalan I Gede Made Taman Lovina Residence No 87. Singaraja. Indonesia,3.8,400000,400000,-8.164312,115.027458
484,https://s-light.tiket.photos/t/01E25EBZS3W0FY9GTG6C42E1SE/t_htl-dskt/tix-hotel/images-web/2022/05/27/49fc3b15-a8ed-4992-80df-b876e2695e8a-1653624926225-270064aeb119d28c0dce9c1e81c3933d.jpg,Summer Guesthouse Lovina,Guest House,Buleleng Buleleng,Jl. Desa Kalibukbuk-Anturan. Anturan. Kec. Buleleng. Kabupaten Buleleng. Bali,3.0,332500,610000,-8.162515,115.028053
485,https://s-light.tiket.photos/t/01E25EBZS3W0FY9GTG6C42E1SE/t_htl-dskt/tix-hotel/images-web/2022/06/15/cd0ff33e-06dd-4bab-b8ce-b06c76850963-1655271920075-7e787f93c463817aed357bc24f682b35.jpg,Rambutan Boutique Hotel & Spa,Hotel,Buleleng Buleleng,Gg. Mawar Jl. Desa Kalibukbuk-Anturan. Anturan. Kec. Buleleng. Kabupaten Buleleng. Bali,4.4,299999,1699999,-8.160345,115.02782
486,https://s-light.tiket.photos/t/01E25EBZS3W0FY9GTG6C42E1SE/t_htl-dskt/tix-hotel/images-web/2020/10/31/da2d57ba-c0e4-417a-929c-f8532e320a33-1604139460579-4cf39f8b1f7016a88d6b3375db41ea45.jpg,Duta Karya Hotel,Guest House,Buleleng Buleleng,Jln. Ahmad Yani. 59 Singaraja. Singaraja. Buleleng. Bali. Indonesia. 81116,Belum ada rating,136433,362205,-8.111338,115.086674
487,https://s-light.tiket.photos/t/01E25EBZS3W0FY9GTG6C42E1SE/t_htl-dskt/tix-hotel/images-web/2020/10/29/60cf241c-6e35-4b5b-9f76-29201c7171f4-1603935638273-dbcc0c798c15c1b69bf7ee781c300c0f.jpg,Villa Putih Lovina,Guest House,Buleleng Buleleng,Gambuh. Teluk Buluh. Kalibukbuk. Buleleng,3.0,295000,295000,-8.16238021850586,115.04595947265625
488,https://s-light.tiket.photos/t/01E25EBZS3W0FY9GTG6C42E1SE/t_htl-dskt/tix-hotel/images-web/2020/10/14/bcfe7c6b-48f7-497c-b4b2-55f35a121892-1602649871401-09aafb5c900b3fd11bc99f9e15018e23.jpg,Hotel Dupa,Guest House,Buleleng Buleleng,Jl. Raya Lovina Binaria. Anturan. Lovina. Kabupaten Buleleng. Bali,3.0,104000,201000,-8.162507,115.025927
489,https://s-light.tiket.photos/t/01E25EBZS3W0FY9GTG6C42E1SE/t_htl-dskt/tix-hotel/images-web/2021/11/25/9cd5db81-45e5-402d-8506-a451ebb3c7a6-1637791233793-38e7f68f821a63664f6c528a9296d9ee.jpg,Hotel Mandari,Hotel,Buleleng Buleleng,Jalan Pantai Asri. Pura CamplungLovina,Belum ada rating,273378,321339,-8.117973327636719,115.0736083984375
490,https://s-light.tiket.photos/t/01E25EBZS3W0FY9GTG6C42E1SE/t_htl-dskt/tix-hotel/images-web/2022/04/19/bf90ff11-2dc3-4684-970f-b0bda7f4ea73-1650339317018-1f33380d59a1137e99c6cb00b708468d.jpg,The Malawa Guest House Singaraja,Guest House,Buleleng Buleleng,Jl. Seririt-Singaraja. Anturan. Kec. Buleleng. Kabupaten Buleleng. Bali,Belum ada rating,241000,241000,-8.15107,115.043259
491,https://s-light.tiket.photos/t/01E25EBZS3W0FY9GTG6C42E1SE/t_htl-dskt/tix-hotel/images-web/2021/04/24/4ab1743d-b7e9-4047-8ae6-6f8f3267ab0d-1619252430966-5309482f4081b09a1b9b72b7e68a09ec.jpg,GM Hotel Lovina by ZUZU,Hostel,Buleleng Buleleng,Jl. Hotel Puri Bagus #9. Pemaron. Lovina Buleleng,2.0,269320,299151,-8.129361,115.061126
492,https://s-light.tiket.photos/t/01E25EBZS3W0FY9GTG6C42E1SE/t_htl-dskt/tix-hotel/images-web/2020/10/31/7a86df2d-17a7-4955-b55d-4554f324f464-1604158804887-f618faadf15c7cf75743f18e517feed6.jpg,Lila Cita Lovina,Guest House,Buleleng Buleleng,Jalan Panti Celuk Agung. Lovina,Belum ada rating,232800,304800,-8.146423,115.043148
493,https://s-light.tiket.photos/t/01E25EBZS3W0FY9GTG6C42E1SE/t_htl-dskt/tix-hotel/images-web/2021/03/12/2fce877f-3cf5-4f6b-86c6-b74b273d3387-1615563155545-f5841592e8cc0bbf9ca798946bac6878.jpg,RedDoorz near Buleleng Harbour 2,Hotel,Buleleng Buleleng,Gg. Mangga. Penarukan. Kec. Buleleng. Kabupaten Buleleng. Bali 81119. Indonesia,4.0,169200,421130,-8.104237,115.105851
494,https://s-light.tiket.photos/t/01E25EBZS3W0FY9GTG6C42E1SE/t_htl-dskt/tix-hotel/images-web/2021/10/14/4553e570-499a-4314-bc4d-35c3abe933df-1634202317659-bfc533c44b1d20593ebedb9b377086aa.jpg,Taman Lily's Lovina,Hotel,Buleleng Buleleng,Jl. Mawar Jl. Desa Kalibukbuk-Anturan No.79. Anturan. Kec. Buleleng. Kabupaten Buleleng. Bali 81119. Indonesia,Belum ada rating,210247,210247,-8.160271,115.027473
495,https://s-light.tiket.photos/t/01E25EBZS3W0FY9GTG6C42E1SE/t_htl-dskt/tix-hotel/images-web/2022/07/22/7633ce13-3781-4e56-8bd7-70fbd9e2be58-1658466322574-21a5b4a4ea2580e47f218d366ccc2c18.jpg,Rumah Askara,Guest House,Buleleng Buleleng,Jalan mawar lovina kalibukbuk lovina. Buleleng. Indonesia,Belum ada rating,250000,250000,-8.159942,115.027556
496,https://s-light.tiket.photos/t/01E25EBZS3W0FY9GTG6C42E1SE/t_htl-dskt/tix-hotel/images-web/2020/11/18/124d7537-c8ca-4c0f-bfea-982ea2dc6fb1-1605712965486-3c939154183c211549d6a7e7a4f76dc5.jpg,Rini hotel,Hotel,Buleleng Buleleng,lovina Beach Bali,Belum ada rating,350001,400000,-8.15962028503418,115.02680206298828
497,https://s-light.tiket.photos/t/01E25EBZS3W0FY9GTG6C42E1SE/t_htl-dskt/tix-hotel/images-web/2022/02/23/02846188-5eeb-4d14-aa78-a8c5eb3ed9eb-1645608316085-f739f8415c2599c77d33b2ad942e468f.jpg,Hepi Bungalow,Guest House,Buleleng Buleleng,Jalan Pantai Happy. Tukadmungga. Kecamatan Buleleng. Jalan Pantai Happy.Tukadmungga. Kecamatan Buleleng Bali. 81119 Bali. Indonesia,Belum ada rating,146289,258699,-8.137578,115.054775
498,https://s-light.tiket.photos/t/01E25EBZS3W0FY9GTG6C42E1SE/t_htl-dskt/tix-hotel/images-web/2022/05/27/c9f051d3-19d3-42f1-bd87-afbb474d3062-1653620120544-d1903685b77bbd7520de0afede557418.jpg,Penginapan Adi,Homestay,Buleleng Buleleng,Jl. Raya Seririt. Ds. Kalibukbuk. Singaraja. Anturan. Kec. Buleleng. Kabupaten Buleleng. Bali,Belum ada rating,101000,201000,-8.155138,115.037008
499,https://s-light.tiket.photos/t/01E25EBZS3W0FY9GTG6C42E1SE/t_htl-dskt/tix-hotel/images-web/2021/09/14/136c864d-7660-44c5-9226-71abe6779787-1631599524109-f3c047d30b59414e3a5eb1e702359146.jpg,Penginapan Griya Anyar,Hotel,Buleleng Buleleng,Jl. Pulau Obi. Banyuning. Kec. Buleleng. Kabupaten Buleleng. Bali 81119,Belum ada rating,204251,285000,-8.104224,115.10649
500,https://s-light.tiket.photos/t/01E25EBZS3W0FY9GTG6C42E1SE/t_htl-dskt/tix-hotel/images-web/2021/12/10/904196d4-6c1a-4d71-abe0-03fd0c371262-1639077626277-eb3b933d7727776e4fd6b159f5d0ac35.jpg,Nirwana Seaside Cottage,Hotel,Buleleng Buleleng,lovina beach. kalibubuk,Belum ada rating,300000,800000,-8.161279678,115.0245667
501,https://s-light.tiket.photos/t/01E25EBZS3W0FY9GTG6C42E1SE/t_htl-dskt/tix-hotel/images-web/2020/09/28/5624ff59-fff3-4fcb-9208-856fa3e9bea8-1601297834330-57a34437f04dc900cf162c501a5bbf46.jpg,"PONDOK WISATA SARTAYA 2,Lovina",Bungalow,Buleleng Buleleng,Jl. Raya Kalibukbuk,5.0,319599,336420,-8.152242736591276,115.03640277354111
502,https://s-light.tiket.photos/t/01E25EBZS3W0FY9GTG6C42E1SE/t_htl-dskt/tix-hotel/images-web/2020/10/15/4a338495-50f4-4285-b596-185a61ccc1e4-1602777670186-72caa175011d9b1b5c957b78374c827d.jpg,Barclona Guesthouses Lovina,Apartment,Buleleng Buleleng,Jalan mawar lovina (warung barclona) Desa kalibukbuk,3.9,275000,275000,-8.16061019897461,115.02992248535156
503,https://s-light.tiket.photos/t/01E25EBZS3W0FY9GTG6C42E1SE/t_htl-dskt/tix-hotel/images-web/2021/09/24/c35da9d0-2125-4e33-b5d4-f61190100c46-1632457244422-b3b2c5237e4f1965083d3b2c2830ba9a.jpg,Keyani Bungalows,House,Buleleng Buleleng,Jl. I Gede Taman Graha Lovina Blok B 17 N 19.  RT:01.Jl. Damai,3.4,175179,353500,-8.1649808883667,115.03278350830078
504,https://s-light.tiket.photos/t/01E25EBZS3W0FY9GTG6C42E1SE/t_htl-dskt/tix-hotel/images-web/2021/10/20/e56d8bd0-2303-4e11-90f6-153f845aec94-1634733627588-1ef8816c6c31af73e4a27d1aa94ff768.jpg,MANDARI HOTEL SINGARAJA,Hotel,Buleleng Buleleng,JALAN PANTAI ASRI-BANYUASRI SINGARAJA,Belum ada rating,271876,318883,-8.118047915842569,115.07355004549026
505,https://s-light.tiket.photos/t/01E25EBZS3W0FY9GTG6C42E1SE/t_htl-dskt/tix-hotel/images-web/2022/08/12/d98302d0-7fce-4a6e-a357-1ec2812b78f7-1660277726809-b02f68d108b728fd41f5518befaac7c5.jpg,Sunset Ayu Bungalow,Guest House,Buleleng Buleleng,R2WP+JV9. Anturan. Buleleng. Buleleng Regency. Bali 81119. Indonesia,Belum ada rating,232103,286080,-8.153493,115.037177
506,https://s-light.tiket.photos/t/01E25EBZS3W0FY9GTG6C42E1SE/t_htl-dskt/tix-hotel/images-web/2020/09/09/94795fe0-0f54-49e9-9e2b-a31dbf626da2-1599600614159-a5b1dd42b3d548acb5722f38e12dc65d.jpg,Villa Jaya,Guest House,Buleleng Buleleng,Jl. Mawar Kalibukbuk,Belum ada rating,250000,350000,-8.157979965209961,115.02700805664062
507,https://s-light.tiket.photos/t/01E25EBZS3W0FY9GTG6C42E1SE/t_htl-dskt/tix-hotel/images-web/2021/10/06/6f71ac00-f157-4491-9410-23db0044657d-1633486840172-38de109516180b2ed2631f4b6eb8f229.jpg,Lilacita Beach Lovina,Apartment,Buleleng Buleleng,Lovina. Anturan. Kec. Buleleng. Kabupaten Buleleng. Bali,4.2,261900,342900,-8.14583,115.04293
508,https://s-light.tiket.photos/t/01E25EBZS3W0FY9GTG6C42E1SE/t_htl-dskt/tix-hotel/images-web/2020/11/14/1059b248-fc49-4092-843b-929921dc6149-1605368044481-99ae49a544d1b99f1ba433ddfee181ac.jpg,Grand Mega Resort & Spa Bali,Hotel,Kuta Badung,Jl. By Pass Ngurah Rai No. 234. Simpang Siur. Kuta. Pemogan. Denpasar Sel.. Kabupaten Badung. Bali 80361. Indonesia,3.9,342740,454786,-8.721074,115.185399
509,https://s-light.tiket.photos/t/01E25EBZS3W0FY9GTG6C42E1SE/t_htl-dskt/tix-hotel/images-web/2020/10/28/4fb2795c-cd46-4567-b8aa-0318672b6a40-1603900213639-4bbd429a442e3a75ed97cbedf3255918.jpg,Fame Hotel Sunset Road Kuta,Hotel,Kuta Badung,Jalan Sunset Road No. 9. Kuta,4.3,371412,627059,-8.700718,115.178506
510,https://s-light.tiket.photos/t/01E25EBZS3W0FY9GTG6C42E1SE/t_htl-dskt/tix-hotel/images-web/2021/03/12/38d5cac5-2f54-462e-94a3-543bea945945-1615532767434-2c9ec6573d749efaa4308d12575f101b.jpg,Primera Hotel Seminyak,Hotel,Kuta Badung,Jl. Camplung Tanduk No.9A. Seminyak. Kuta. Kabupaten Badung. Bali 80361. Indonesia,4.2,213229,506375,-8.691213,115.16599
511,https://s-light.tiket.photos/t/01E25EBZS3W0FY9GTG6C42E1SE/t_htl-dskt/tix-hotel/images-web/2021/10/11/b7858bb3-c9a3-4e4e-8a95-8d9505e6c278-1633922723140-9faf495ba7bea0e46c8973609555d68e.jpg,BOSS Legian Hotel,Hotel,Kuta Badung,Jl. Werkudara No. 543. Legian Kaja. Legian. Kuta. Kabupaten Badung. Bali 80361. Indonesia,4.0,222306,768743,-8.69872,115.165
512,https://s-light.tiket.photos/t/01E25EBZS3W0FY9GTG6C42E1SE/t_htl-dskt/tix-hotel/images-web/2020/10/28/1d3da8d9-4187-4024-b2fe-08bb1b6dfd8c-1603900102107-8ce8870137f04620ffbde10e7886e9f1.jpg,Siesta Legian Hotel,Hotel,Legian Badung,Jalan Bunut Sari No.8,4.3,232565,232565,-8.70737,115.17277
513,https://s-light.tiket.photos/t/01E25EBZS3W0FY9GTG6C42E1SE/t_htl-dskt/tix-hotel/images-web/2020/11/01/31528c87-51e0-4d42-9d29-e9050b5e97c6-1604167145812-f881d71fbfb4c6a4f8a17ec42af24b75.jpg,Hotel Dafam Savvoya Seminyak,Hotel,Seminyak Badung,Jl. Mertanadi No.14. Seminyak. Kuta. Kabupaten Badung. Bali 80361. Indonesia,4.0,332354,434611,-8.682838,115.167238
514,https://s-light.tiket.photos/t/01E25EBZS3W0FY9GTG6C42E1SE/t_htl-dskt/tix-hotel/images-web/2020/11/16/20181996-29ef-46df-9277-bfab34fbd3f2-1605501205234-767cad4325ddc3f2fdf7ad513859cb9f.jpg,favehotel Sunset Seminyak,Hotel,Kuta Badung,Jl.Sunset Road 89,4.3,338800,633800,-8.68402,115.16847
515,https://s-light.tiket.photos/t/01E25EBZS3W0FY9GTG6C42E1SE/t_htl-dskt/tix-hotel/images-web/2020/10/28/76d900a0-39f2-44cd-bd0b-a3b032fe61a6-1603882218579-ba7467db11aaf735f05eb5b4fe47472f.jpg,Loft Legian Hotel,Hotel,Legian Badung,Jl. Melasti No.99. Legian. Kuta. Kabupaten Badung. Bali 80361. Indonesia,3.7,178024,899236,-8.708691,115.171256
516,https://s-light.tiket.photos/t/01E25EBZS3W0FY9GTG6C42E1SE/t_htl-dskt/tix-hotel/images-web/2020/11/18/677ee803-fdd6-49d7-9661-6923b5420faf-1605674705453-2f678e75ae6bcc942e5867a0c44de7bf.jpg,Solaris Hotel Kuta Bali,Hotel,Kuta Badung,Jl. Jenggala. Wana Segara. Kuta. Kabupaten Badung. Bali 80361. Indonesia,4.0,267700,429250,-8.737102,115.165556
517,https://s-light.tiket.photos/t/01E25EBZS3W0FY9GTG6C42E1SE/t_htl-dskt/tix-hotel/images-web/2020/10/28/140deeab-8499-4605-af00-9c8670cb3c95-1603881519681-fdf82c6f3567a4230c37866f30c779aa.jpg,Quest Hotel Kuta by ASTON,Hotel,Kuta Badung,Kediri Street # 9. Tuban - Kuta,4.0,341812,807760,-8.737518,115.175998
518,https://s-light.tiket.photos/t/01E25EBZS3W0FY9GTG6C42E1SE/t_htl-dskt/tix-hotel/images-web/2020/10/28/41875e92-ff65-45e8-af5f-8723cd38e04d-1603902929768-6867f333b576f221449845fe2f4a4d98.jpg,favehotel Kuta Kartika Plaza,Hotel,Kuta Badung,Jl Kartika Plaza No 45X,4.1,276164,477250,-8.73465,115.1674
519,https://s-light.tiket.photos/t/01E25EBZS3W0FY9GTG6C42E1SE/t_htl-dskt/tix-hotel/images-web/2020/10/28/b7499407-5af5-4790-b0d3-46ea92c83a41-1603875604809-b7b48d212bf15db1f96a81c0a662d609.jpg,The Aromas of Bali Hotel and Residence,Hotel,Legian Badung,Jl. Lebak Bene No. 355. Legian. Kec. Kuta. Kabupaten Badung. Bali. Indonesia,2.7,204131,204131,-8.711154,115.171319
520,https://s-light.tiket.photos/t/01E25EBZS3W0FY9GTG6C42E1SE/t_htl-dskt/tix-hotel/images-web/2020/10/28/c1f39270-ae3f-4f33-a8c2-15fa34eabab3-1603897599156-30dbee74654ca02836515c4a243e49da.jpg,Kuta Majesty Hotel,Hotel,Kuta Badung,Jalan Raya KUta 78. Kuta. Bali,4.3,265000,351000,-8.72121,115.179848
521,https://s-light.tiket.photos/t/01E25EBZS3W0FY9GTG6C42E1SE/t_htl-dskt/tix-hotel/images-web/2020/10/28/83c5d6a4-9315-44a6-8b19-2160727647a7-1603873116716-bafb419544c23566451e704f6a1d4f12.jpg,The Radiant Hotel & Spa Kuta,Hotel,Kuta Badung,Jl. Puri Grenceng No.46. Tuban. Kuta. Kabupaten Badung. Bali 80361. Indonesia,4.1,296400,1003600,-8.739734,115.171982
522,https://s-light.tiket.photos/t/01E25EBZS3W0FY9GTG6C42E1SE/t_htl-dskt/tix-hotel/images-web/2020/10/28/ed146ed6-1540-40ac-8922-a16ff9755907-1603880326888-a52f2cf452c79ae05a96d25e110ac73c.jpg,Simpang Inn Kuta,Hotel,Kuta Badung,Legian street No. 133,4.1,250000,450000,-8.717559,115.174208
523,https://s-light.tiket.photos/t/01E25EBZS3W0FY9GTG6C42E1SE/t_htl-dskt/tix-hotel/images-web/2020/10/28/447e59d8-0047-41bd-84ff-e347afd4254b-1603899518998-d924f02ebb3539c5db030564cc886c34.jpg,Pesona Beach Inn,Hotel,Kuta Badung,Jl. Poppies 1 No.31 Kuta,3.7,123500,190000,-8.720408,115.172558
524,https://s-light.tiket.photos/t/01E25EBZS3W0FY9GTG6C42E1SE/t_htl-dskt/tix-hotel/images-web/2021/03/12/237b2d37-bde0-4c87-8841-c3e320b25551-1615535144904-c64f0a0d5c5d685899c806ce97408632.jpg,Hotel Zia Bali - Kuta Beach,Hotel,Kuta Badung,Jalan Ciung Wanara No. 17 Br. Tegal. Kuta. Bali,4.2,298780,697500,-8.723495,115.172918
525,https://s-light.tiket.photos/t/01E25EBZS3W0FY9GTG6C42E1SE/t_htl-dskt/tix-hotel/images-web/2021/03/12/081f90ff-4577-4f77-95f9-623694764fdf-1615532135421-4e199c3881593d2adf4ead419ce5f665.jpg,The Tusita Hotel Bali,Hotel,Kuta Badung,Kartika Plaza street No. 9x. Kuta. Bali 80361. Indonesia,3.9,309955,2278167,-8.735856,115.166943
526,https://s-light.tiket.photos/t/01E25EBZS3W0FY9GTG6C42E1SE/t_htl-dskt/tix-hotel/images-web/2021/08/19/51c5092c-900d-4a9e-8c00-3043efd548a9-1629369923803-047e036ee53f4af80a570ee43ee2e362.jpg,Swiss-Belexpress Kuta Legian,Hotel,Legian Badung,Jl. Raya Legian Gg. Tropozone. Lingkungan Pelasa. Kuta. Bali 80361. Indonesia,4.3,325000,575000,-8.717519,115.176223
527,https://s-light.tiket.photos/t/01E25EBZS3W0FY9GTG6C42E1SE/t_htl-dskt/tix-hotel/images-web/2020/11/01/19e65c7e-6962-44c1-98af-86b6f7b3d571-1604168592137-facc6516dc07cdb67484555ebfc71857.jpg,Signature Seminyak Smart Hotel,Hotel,Kuta Utara Badung,Jalan Mertanadi No. 74. Kerobokan. Kuta Utara. Kerobokan Kelod. Kuta Utara. Kabupaten Badung. Bali 80361. Indonesia,3.7,269634,465000,-8.676659,115.167298
528,https://s-light.tiket.photos/t/01E25EBZS3W0FY9GTG6C42E1SE/t_htl-dskt/tix-hotel/images-web/2021/03/12/8bfd65cf-c9b8-4ea4-ac1f-186b4b193fc2-1615551017485-d286845b2db35311997f6461fac5a7a2.jpg,Maxi Hotel and Spa Kuta,Hotel,Kuta Badung,Legian street No. 83A,3.7,198000,461999,-8.718443,115.174506
529,https://s-light.tiket.photos/t/01E25EBZS3W0FY9GTG6C42E1SE/t_htl-dskt/tix-hotel/images-web/2021/03/12/b0ce2dd3-b330-4925-8c3b-4270e5c508c3-1615531625445-73041583c2d2dc11e3edcd6cb076bf10.jpg,Pondok Anyar Hotel,Hotel,Kuta Badung,Jl. Kubu Anyar. Gang Kingkong I No 2. Kuta. Bali 80361. Indonesia,4.0,187529,391399,-8.731376,115.17073
530,https://s-light.tiket.photos/t/01E25EBZS3W0FY9GTG6C42E1SE/t_htl-dskt/tix-hotel/images-web/2020/11/01/5fd99b68-7659-431b-a781-4beb4be4e72a-1604166823920-9558fe8d7e12b61fa407c3f385ef49e8.jpg,Kampung Cenik,Hotel,Legian Badung,Jln. Dewi Sri 1 No. 3,4.4,294847,583200,-8.70312,115.1791
531,https://s-light.tiket.photos/t/01E25EBZS3W0FY9GTG6C42E1SE/t_htl-dskt/tix-hotel/images-web/2020/10/28/059904a4-40da-4250-98d3-c1fe7e49de1e-1603874760338-7b68ca660de0a541e7ccb29dbca24fce.jpg,The Studio Inn at Nusa Dua,Hotel,Kuta Selatan Badung,Jl. By Pass Nusa Dua 7x. Nusa Dua. Kuta Selatan. Bali. Indonesia. 80361,3.5,350000,350000,-8.796883,115.220416
532,https://s-light.tiket.photos/t/01E25EBZS3W0FY9GTG6C42E1SE/t_htl-dskt/tix-hotel/images-web/2020/10/28/76f76cfb-5a0c-4388-b887-83f929264bc8-1603894665285-d9aa14abc18c2e5d0b125160b375cf94.jpg,Hotel Amaris Kuta Bali,Hotel,Kuta Badung,Lebak Bene Street. Kuta. Badung. Bali 80361,3.7,223014,299998,-8.7103563,115.1703454
533,https://s-light.tiket.photos/t/01E25EBZS3W0FY9GTG6C42E1SE/t_htl-dskt/tix-hotel/images-web/2021/12/13/45945152-5a0d-440b-8c1b-00d7479193f7-1639399824103-1bd938720a2a8d76c725de72b6f85874.jpg,M Suite Bali,Hotel,Kuta Badung,Jl. Nakula Gang Baik-baik Seminyak,4.1,273006,600000,-8.69503714475015,115.172284841537
534,https://s-light.tiket.photos/t/01E25EBZS3W0FY9GTG6C42E1SE/t_htl-dskt/tix-hotel/images-web/2020/10/28/f7e3a97c-fca2-4bfb-8c42-845fba58173b-1603883261565-849e59482a6495bc76b186abe4feccc7.jpg,Losari Sunset Hotel,Hotel,Kuta Badung,Sunset Paradise. Jalan Sunset Road. 169,3.5,278000,278000,-8.709208,115.1841
535,https://s-light.tiket.photos/t/01E25EBZS3W0FY9GTG6C42E1SE/t_htl-dskt/tix-hotel/images-web/2022/07/06/b99eee7b-275e-4789-ae66-5e40c4bb2f23-1657077920556-b05ea7afde8d11d86ab7e773b0b98fbf.jpg,Fourteen Roses Beach Hotel,Hotel,Kuta Badung,Jl. Melasti Gang Intan No. 1. Legian - Kuta. Kabupaten Badung. Bali 80361. Indonesia,4.0,278877,487500,-8.70943,115.168414
536,https://s-light.tiket.photos/t/01E25EBZS3W0FY9GTG6C42E1SE/t_htl-dskt/tix-hotel/images-web/2020/10/28/1e153150-ff86-440e-be76-9dff8ffaa728-1603902717242-41c221e581c1b992da18cf8194cddc64.jpg,G Sign Style Kuta Bali,Hotel,Kuta Badung,Jl. Raya Tuban No.111. Tuban. Kuta. Kabupaten Badung. Bali 80361. Indonesia,4.2,285000,685000,-8.740924,115.17863
537,https://s-light.tiket.photos/t/01E25EBZS3W0FY9GTG6C42E1SE/t_htl-dskt/tix-hotel/images-web/2020/10/28/691f42e6-088f-44a2-83de-f154a86e0e33-1603890531747-9d57211f5306515353251d750150e4af.jpg,Euphoria Hotel Bali,Hotel,Kuta Badung,Patih Jelantik 11 - 12,4.2,217066,433725,-8.709217,115.176308
538,https://s-light.tiket.photos/t/01E25EBZS3W0FY9GTG6C42E1SE/t_htl-dskt/tix-hotel/images-web/2020/10/28/8d19357e-2b9b-44ed-a167-586209548c54-1603887579404-efc00f4630cb72b7dbaf906a9930679d.jpg,ION Bali Benoa,Resort,Nusa Dua Badung,Jalan Nusa Dua. Kuta Selatan. Nusa Dua. Tanjung Benoa. Indonesia,4.2,280488,312000,-8.771467,115.222647
539,https://s-light.tiket.photos/t/01E25EBZS3W0FY9GTG6C42E1SE/t_htl-dskt/tix-hotel/images-web/2021/02/02/c07803b1-e6ac-4fb3-8d8d-7293e61e091d-1612229708854-1f5ea3cef875228a7f978973c1aa136f.jpg,Three Brothers Bungalows and Villas,Villa,Kuta Badung,Jalan Legian kaja. Kuta. Legian. Kuta. Badung Regency. Bali 80361. Indonesia,4.1,342000,1600000,-8.704243,115.169717
540,https://s-light.tiket.photos/t/01E25EBZS3W0FY9GTG6C42E1SE/t_htl-dskt/tix-hotel/images-web/2020/10/31/aeffdca8-014d-404e-bb7d-44c669c0fd51-1604158846672-f626ecb6505ff1b7eda79bff491c9da1.jpg,Kimono Hotel Kuta,Hotel,Kuta Badung,Jalan By Pass Ngurah Rai No.38. Jimbaran. Kuta Selatan. Kuta. Kabupaten Badung. Bali 80361. Indonesia,3.4,156637,559540,-8.725804,115.180908
541,https://s-light.tiket.photos/t/01E25EBZS3W0FY9GTG6C42E1SE/t_htl-dskt/tix-hotel/images-web/2020/10/29/0a5790f3-dd3a-4ba2-b236-4b849fc2e964-1603913233391-43fdbcde86d96f75df088d3feb2e2235.jpg,The Umah Pandawa Homestay and Villas,Guest House,Kuta Selatan Badung,Jl. Dharmawangsa No.42. Ungasan. Kuta Sel.. Kabupaten Badung. Bali 80361. Indonesia,3.9,298185,341296,-8.823488,115.185737
542,https://s-light.tiket.photos/t/01E25EBZS3W0FY9GTG6C42E1SE/t_htl-dskt/tix-hotel/images-web/2020/11/01/5506f9a6-bba7-4eee-a6b8-44932f14af2f-1604163687164-06d4d6cc44c656edd9334d86c41e3dcc.jpg,Yulia Beach Inn Kuta,Hotel,Kuta Badung,Jl. Pantai Kuta Banjar Pande Mas No.43. Kuta. Badung. Bali. 80361. Indonesia,4.6,344565,1264376,-8.722829,115.171953
543,https://s-light.tiket.photos/t/01E25EBZS3W0FY9GTG6C42E1SE/t_htl-dskt/tix-hotel/images-web/2020/12/12/a0b8e4f8-3f80-49d4-b4e6-7b096e090332-1607763632897-943b5f5ee1fd94345c11268c5f402a0d.jpg,21 Lodge Nusa Dua,Guest House,Kuta Selatan Badung,Siligita Raya street No.21,4.7,335000,335000,-8.796268,115.215416
544,https://s-light.tiket.photos/t/01E25EBZS3W0FY9GTG6C42E1SE/t_htl-dskt/tix-hotel/images-web/2020/10/28/b6bb2f50-e058-4d65-a5ce-1fff946904a6-1603879141779-67d92a6a13a16cbdac4516f0e05ff3ab.jpg,Hotel Karthi Kuta,Hotel,Kuta Badung,Jl. Kartika Plaza. Tuban. Kuta. Kabupaten Badung. Bali 80361. Indonesia,3.9,180000,494999,-8.726656,115.169895
545,https://s-light.tiket.photos/t/01E25EBZS3W0FY9GTG6C42E1SE/t_htl-dskt/tix-hotel/images-web/2020/10/31/1f04ac53-61b5-4360-91c0-377629f7cf6e-1604151058567-9f3e2d31f3894870a0a5b692d21999db.jpg,Wave & Chill House,Hostel,Kuta Utara Badung,Jl. Raya Uma Buluh No. 4. Canggu. Kec. Kuta Utara. Kabupaten Badung. Bali. Indonesia,4.7,242499,436499,-8.635443,115.150425
546,https://s-light.tiket.photos/t/01E25EBZS3W0FY9GTG6C42E1SE/t_htl-dskt/tix-hotel/images-web/2021/03/12/e34e8b4a-788e-4de1-b3e3-298f4c09a57e-1615558826417-daae7dd28b7705677a1c907f52383f11.jpg,OYO 1654 Maha Bharata Kuta Inn,Hotel,Kuta Badung,Jl. Raya Legian No.96. Kuta. Kabupaten Badung. Bali,3.8,128143,184526,-8.71979,115.175111
547,https://s-light.tiket.photos/t/01E25EBZS3W0FY9GTG6C42E1SE/t_htl-dskt/tix-hotel/images-web/2020/10/31/5c771da6-ff72-4a77-b227-58f4bc127a06-1604145472001-89ddbbfff33fb046466202a0e6ec9d6a.jpg,Swandewi Homestay,Guest House,Kuta Badung,Jl. Kartika Plaza. Samudra Lane. 80361 Kuta. Indonesia,3.2,180000,182862,-8.734527,115.166285
548,https://s-light.tiket.photos/t/01E25EBZS3W0FY9GTG6C42E1SE/t_htl-dskt/tix-hotel/images-web/2020/10/28/5ed58c6e-2e74-4d45-9db0-ac251a15b084-1603903593886-69d7e2c903383be60f36b5dbb453d36f.jpg,Dewa Bharata Bungalow Legian,Hotel,Kuta Badung,Jalan Legian No. 194,4.9,285000,300000,-8.71613,115.174146
549,https://s-light.tiket.photos/t/01E25EBZS3W0FY9GTG6C42E1SE/t_htl-dskt/tix-hotel/images-web/2020/11/16/61f22af8-03f7-449b-8923-ed8c5aa207c5-1605539450634-09212aeb413d909c5b613c1ba9b461c1.jpg,Amaris Hotel Sunset Road Bali,Hotel,Kuta Badung,Jalan Sunset Road No.57 ,3.9,247500,275000,-8.7038892,115.1811467
550,https://s-light.tiket.photos/t/01E25EBZS3W0FY9GTG6C42E1SE/t_htl-dskt/tix-hotel/images-web/2020/10/28/5ed58c6e-2e74-4d45-9db0-ac251a15b084-1603903593886-69d7e2c903383be60f36b5dbb453d36f.jpg,Dewa Bharata Bungalow Legian,Hotel,Kuta Badung,Jalan Legian No. 194,4.9,285000,300000,-8.71613,115.174146
551,https://s-light.tiket.photos/t/01E25EBZS3W0FY9GTG6C42E1SE/t_htl-dskt/tix-hotel/images-web/2020/10/31/1b88a6cc-2648-44b7-8713-78818dcd17ae-1604138306954-dd122bfce2ecbfa84edbc9d9a45d76f7.jpg,OYO 1372 Canggu 77 Guest House,Hotel,Kuta Utara Badung,Jl. Bantan Kangin. Gg. II No. 2 . Tibubeneng. North Kuta. Badung Regency. Bali,3.5,99404,140000,-8.639381,115.152981
552,https://s-light.tiket.photos/t/01E25EBZS3W0FY9GTG6C42E1SE/t_htl-dskt/tix-hotel/images-web/2021/11/30/6271a921-ec87-4ceb-99e8-a48ffd1b8d99-1638224423101-f45981bfcf5d81654d180d7099ee884c.jpg,Jeje Hotel Legian,Hotel,Kuta Badung,Jl Padma Utara No. 100. Legian,Belum ada rating,200000,340267,-8.703295,115.167805
553,https://s-light.tiket.photos/t/01E25EBZS3W0FY9GTG6C42E1SE/t_htl-dskt/tix-hotel/images-web/2021/03/29/a985b5d0-b83c-4053-8435-1f1359d46f72-1617023108102-9003b01249690e3e1b4b9c804f04ff80.jpg,Bali Kuta Resort,Hotel,Kuta Badung,Jl. Majapahit No.18. Kuta. Kabupaten Badung. Bali,3.4,207331,449990,-8.720173,115.178586
554,https://s-light.tiket.photos/t/01E25EBZS3W0FY9GTG6C42E1SE/t_htl-dskt/tix-hotel/images-web/2020/10/28/3d06436a-53bd-43f1-b490-75bd99980222-1603873527740-acb6635257604c836695cd10acf4fbde.jpg,Hotel Asoka City Bali,Hotel,Kuta Badung,Kubu Anyar Street no 40. Kuta - Bali (behind banjar anyar) Tuban. Kuta Bali 80361,3.8,182004,200000,-8.732783,115.170515
555,https://s-light.tiket.photos/t/01E25EBZS3W0FY9GTG6C42E1SE/t_htl-dskt/tix-hotel/images-web/2020/10/13/36143866-497b-4cac-8b98-0b86f42eeab1-1602565359265-087e36e69e538cb3f620f4c45edf08c2.jpg,Naturela Hotel,Hotel,Kuta Selatan Badung,Jl. Labuan Sait,5.0,332500,350000,-8.817819,115.11488
556,https://s-light.tiket.photos/t/01E25EBZS3W0FY9GTG6C42E1SE/t_htl-dskt/tix-hotel/images-web/2020/11/01/1ff6eb4d-d5b6-44cd-bf76-da7c2d2baf60-1604171948346-3b4e89d02f8fda45c2552e3ad90415e3.jpg,Gelatik Bed and Breakfast,Hostel,Kuta Utara Badung,Jl. Batubelig. Gg. Gelatik No.2. Kerobokan Kelod. Kuta Utara. Kabupaten Badung. Bali 80361. Indonesia,4.0,300000,300000,-8.672609,115.151825
557,https://s-light.tiket.photos/t/01E25EBZS3W0FY9GTG6C42E1SE/t_htl-dskt/tix-hotel/images-web/2022/02/05/86402b2c-c326-437b-8a59-ceb67d14c10f-1644064521296-f2800843af53441257926e6563da64ef.jpg,OYO 1200 Kencana Residence,Guest House,Kuta Selatan Badung,Jl. Danau Tamblingan IV No.5. Jimbaran. Kec. Kuta Sel.. Kabupaten Badung. Bali 80361. Indonesia. Bali,4.2,177778,177778,-8.789929,115.18639
558,https://s-light.tiket.photos/t/01E25EBZS3W0FY9GTG6C42E1SE/t_htl-dskt/tix-hotel/images-web/2020/10/29/89795567-1b27-43f3-a762-9fe2f078c4bf-1603930647478-4f2a5ec35c416c603e429ab40e3c0605.jpg,Kuta Suci Guest House,Hotel,Kuta Badung,Jl. Pantai Kuta No.37. Kuta. Kabupaten Badung. Bali 80361. Indonesia,4.2,212500,637500,-8.722453,115.173111
559,https://s-light.tiket.photos/t/01E25EBZS3W0FY9GTG6C42E1SE/t_htl-dskt/tix-hotel/images-web/2022/07/21/bc518121-ca40-48cb-b844-b127963ed0f6-1658385333454-d7e1fabe94f3216d45d051cb932b5640.jpg,Puri Tamu Hotel Jimbaran,Hostal,Jimbaran Badung,Jalan Uluwatu No. 100X Jimbaran. Bali,4.5,196199,259999,-8.795305,115.16205
560,https://s-light.tiket.photos/t/01E25EBZS3W0FY9GTG6C42E1SE/t_htl-dskt/tix-hotel/images-web/2021/08/05/14dac117-5ecd-40d1-8778-59c6ba2a0ac5-1628121925522-e53e8678fe2a5767925e7fc5fae661eb.jpg,Puspa Graha Villatel,Guest House,Kuta Badung,Jl. Telaga Ayu. Kedonganan. Kuta. Kedonganan. Kuta. Kabupaten Badung. Bali 80361. Indonesia,Belum ada rating,221817,221817,-8.766158,115.181337
561,https://s-light.tiket.photos/t/01E25EBZS3W0FY9GTG6C42E1SE/t_htl-dskt/tix-hotel/images-web/2020/10/28/895eaf66-1a76-4f20-9cd6-d9dfaf775ce6-1603874567962-d49ac22223609823549d85636b2cf959.jpg,Spazzio Bali Hotel,Hotel,Kuta Badung,Dewi Sri Street. No 20,4.2,222222,222222,-8.707917,115.178268
562,https://s-light.tiket.photos/t/01E25EBZS3W0FY9GTG6C42E1SE/t_htl-dskt/tix-hotel/images-web/2020/10/01/963f8c0a-0341-4dbd-951e-2cc1cbdb006d-1601546335817-5bd2f86ad00ce4add1f958d17554e9bb.jpg,Ubud Sawah Scenery Villa and Homestay,Hotel,Tegallalang Gianyar,Br.dukuh  Desa Kenderan Tegalalang. Gianyar. Bali,4.0,195500,195500,-8.458378,115.282826
563,https://s-light.tiket.photos/t/01E25EBZS3W0FY9GTG6C42E1SE/t_htl-dskt/tix-hotel/images-web/2020/10/28/08624ff2-1d1d-429e-ab6e-da95314101e1-1603903669259-bc7a50d8312dfad6f608fb8bcc8fcf83.jpg,Uma Kutuh 2 Ubud,Guest House,Ubud Gianyar,Jl. Tirta Tawar. Kutuh. Kecamatan Ubud. Kabupaten Gianyar. Bali,3.9,128049,350000,-8.499366,115.270562
564,https://s-light.tiket.photos/t/01E25EBZS3W0FY9GTG6C42E1SE/t_htl-dskt/tix-hotel/images-web/2022/01/17/33476311-28f8-47f9-b3e3-e28576621114-1642400718400-e8aa6ce8a85b0f5e82d53a1da8af0870.jpg,MaxOneHotels Rejuvination at Gianyar,Hotel,Blahbatuh Gianyar,Jl. Udayana No.100 . Gianyar - Bali,4.5,264040,586719,-8.544774,115.303202
565,https://s-light.tiket.photos/t/01E25EBZS3W0FY9GTG6C42E1SE/t_htl-dskt/tix-hotel/images-web/2020/10/31/6089e647-091c-4f64-b6fc-36db9d51030e-1604137099780-f0e7e4d200ffb9c2c80c2473fed9676e.jpg,OYO 612 Dante Guesthouse,Hotel,Gianyar Gianyar,No 3. Jalan Hasanudin I. Kecamatan Gianyar. Kabupaten Gianyar 80511 Bali Indonesia. Bali,3.8,217359,461999,-8.5447061,115.3224555
566,https://s-light.tiket.photos/t/01E25EBZS3W0FY9GTG6C42E1SE/t_htl-dskt/tix-hotel/images-web/2020/11/01/56c2d825-5370-4d82-b008-5a978a97f3fb-1604172363551-61d40090fa06f99252fa4b8ebffaa659.jpg,Ubud Batan Nyuh,Hostal,Ubud Gianyar,Jl. A.A. Gede Rai. Lodtunduh. Ubud. Kabupaten Gianyar. Bali 80571. Indonesia,4.6,341250,341250,-8.554169,115.263101
567,https://s-light.tiket.photos/t/01E25EBZS3W0FY9GTG6C42E1SE/t_htl-dskt/tix-hotel/images-web/2021/03/12/a1e88766-1a4d-4a0f-af6e-f81bb8365b8b-1615557963150-30744918c92f17bbb1a931e0891d43fb.jpg,Ubud Tropical Glamping,Glamping,Ubud Gianyar,Jl. Raya Andong Petulu. Ubud. Gianyar. Petulu. Kecamatan Ubud. Denpasar. Bali,4.2,212541,800000,-8.500231,115.272525
568,https://s-light.tiket.photos/t/01E25EBZS3W0FY9GTG6C42E1SE/t_htl-dskt/tix-hotel/images-web/2021/11/30/ea621297-0698-4d64-a35a-b7c8e78d5af1-1638235225632-27868ba6dc538c087d0b38c6459a31de.jpg,Nara Ubud Cottage,Guest House,Ubud Gianyar,Jalan Nyuh Bojog No. 14.Jalan Nyuh Bojong No.14,5.0,278080,352000,-8.52245648733074,115.257096290588
569,https://s-light.tiket.photos/t/01E25EBZS3W0FY9GTG6C42E1SE/t_htl-dskt/tix-hotel/images-web/2020/10/31/3eed1196-7ca8-47a5-85a3-12aed9ba814a-1604121742801-b5a52c78a0116e5a36c1490310dacb2e.jpg,Sisin Ubud View,Hotel,Sukawati Gianyar,Jalan Gunung Sari No 99X. Br. Sumampan. Kemenuh. Sukawati. Gianyar. Bali. Indonesia,4.1,312000,700000,-8.550271,115.285973
570,https://s-light.tiket.photos/t/01E25EBZS3W0FY9GTG6C42E1SE/t_htl-dskt/tix-hotel/images-web/2020/12/12/3be1d7e5-beb4-4fac-ae4a-a130b1e65378-1607721402376-ff162c3385e2ea3f301b1a338de55731.jpg,Arjuna Homestay Ubud,Homestay,Ubud Gianyar,Jl. Arjuna. Ubud. Kabupaten Gianyar. Bali 80571. Indonesia,3.8,120000,150000,-8.507348,115.261278
571,https://s-light.tiket.photos/t/01E25EBZS3W0FY9GTG6C42E1SE/t_htl-dskt/tix-hotel/images-web/2022/02/06/dc2b6221-05a1-4a80-a6a6-41a419b85140-1644157741409-c09e363a2f87248055dabf9bc86c415d.jpg,Panorama Bali Hotel,Hotel,Ubud Gianyar,Jl. Raya Pengosekan,Belum ada rating,224309,257580,-8.52470587845313,115.263061523438
572,https://s-light.tiket.photos/t/01E25EBZS3W0FY9GTG6C42E1SE/t_htl-dskt/tix-hotel/images-web/2020/10/06/8a87b480-af8a-4277-af49-2f704b0138fd-1601978112087-6d8b21a5be42f50249ed6640f466bd2b.jpg,Hotel Gianyar,Hotel,Gianyar Gianyar,Jl. Manik No 1A.Jln Manik No 1A,Belum ada rating,214999,214999,-8.53988998286362,115.32289624214195
573,https://s-light.tiket.photos/t/01E25EBZS3W0FY9GTG6C42E1SE/t_htl-dskt/tix-hotel/images-web/2021/03/18/08a6d82d-eb34-471d-8ea1-d590122eef7f-1616069694645-343ae63cac34dcbc21ec095472850e65.jpg,The Unique Homestay,Homestay,Ubud Gianyar,Jalan Raya Ubud No. 8X. Ubud. Gianyar. Bali. Indonesia,4.0,225000,225000,-8.508258,115.264918
574,https://s-light.tiket.photos/t/01E25EBZS3W0FY9GTG6C42E1SE/t_htl-dskt/tix-hotel/images-web/2020/11/21/e11b57a7-7f8c-40ce-a238-fc1c02dbcb52-1605950032023-f3bc5e2fadac77b0a7c525dc86d6eed0.jpg,Omah d'Taman by EPS,Hotel,Ubud Gianyar,Jl. Sri Wedari. 53,Belum ada rating,142500,150000,-8.5016021,115.2660167
575,https://s-light.tiket.photos/t/01E25EBZS3W0FY9GTG6C42E1SE/t_htl-dskt/tix-hotel/images-web/2021/06/22/41c9ea8e-591f-4b7a-a18c-e2a64b6a2829-1624358114111-2ce2c31640862ad85de8f9b2aeb3a507.jpg,Askara Guest House & Hostel,Guest House,Ubud Gianyar,Jl. Tirta Tawar No.65. Petulu. Kecamatan Ubud. Kabupaten Gianyar. Bali. Indonesia,4.5,308750,600000,-8.499842,115.268544
576,https://s-light.tiket.photos/t/01E25EBZS3W0FY9GTG6C42E1SE/t_htl-dskt/tix-hotel/images-web/2021/09/30/f45fa064-92f5-4cca-8be6-7115e4a9a8be-1632978639109-cc63497a02cad8e4a465ad6483a4034e.jpg,Bulan Bali Hostel,Hostel,Ubud Gianyar,Jl. Suksma Kesuma. Br. Tengah Kauh. Peliatan,Belum ada rating,200001,225000,-8.521100044250488,115.26643371582031
577,https://s-light.tiket.photos/t/01E25EBZS3W0FY9GTG6C42E1SE/t_htl-dskt/tix-hotel/images-web/2021/01/31/254b1178-d62f-4683-abf7-91263a92d33f-1612047045905-089b45f884131edb5bd57bbd5619fa63.jpg,Swan Inn,Inn,Ubud Gianyar,Jl Monkey Forest,3.9,323000,340000,-8.50961,115.26119
578,https://s-light.tiket.photos/t/01E25EBZS3W0FY9GTG6C42E1SE/t_htl-dskt/tix-hotel/images-web/2020/10/31/e8c85bc5-03a2-4f8a-8d95-9b38f912e2eb-1604149661406-ab1090fe6bb7cb2c9951ab4acfe63780.jpg,Lumbung Jaya Guest House,Guest House,Tegallalang Gianyar,Jl. Raya Bilukan No.25. Sebatu. Kec. Tegallalang. Kabupaten Gianyar. Bali 80561. Indonesia,Belum ada rating,350000,573312,-8.3885,115.297226
579,https://s-light.tiket.photos/t/01E25EBZS3W0FY9GTG6C42E1SE/t_htl-dskt/tix-hotel/images-web/2021/09/27/d0617f88-2fe4-4e8b-853c-f05e1d242f53-1632707123992-5cdae8b8027e91089fcfaf6572948d94.jpg,Bale Bali House,Guest House,Ubud Gianyar,Jl. Sugriwa No.58. Ubud. Kecamatan Ubud. Kabupaten Gianyar. Bali  Indonesia,4.8,252620,312000,-8.515869,115.264766
580,https://s-light.tiket.photos/t/01E25EBZS3W0FY9GTG6C42E1SE/t_htl-dskt/tix-hotel/images-web/2020/10/28/14c7e9ad-ba49-41f5-9137-b8b3f64ab3c2-1603880272150-043120f6be2cc37268e96344d3606d58.jpg,Pande Permai Bungalow,Hotel,Ubud Gianyar,<p>Monkey Forest Street</p>,4.0,145128,452667,-8.516595,115.259682
581,https://s-light.tiket.photos/t/01E25EBZS3W0FY9GTG6C42E1SE/t_htl-dskt/tix-hotel/images-web/2021/10/01/7099c53a-3124-4fc9-8d5b-405661ccb713-1633059051071-dc1a10caaaa403f386cc577d4ee8fdfa.jpg,Liyer House,Guest House,Ubud Gianyar,Jl. Raya Pengosekan. Br. Pengosekan Kaja. Mas. Ubud. MAS. Ubud. Kabupaten Gianyar. Bali 80571. Indonesia,5.0,337290,619845,-8.527261,115.264879
582,https://s-light.tiket.photos/t/01E25EBZS3W0FY9GTG6C42E1SE/t_htl-dskt/tix-hotel/images-web/2022/03/04/cd6b0bbe-cf22-4959-8ea1-a0ee30b7959d-1646352820677-620be7b265868b53e9633f130240c1c8.jpg,Muka House Ubud,Guest House,Ubud Gianyar,Sandat Street.Jalan sandat,4.3,210000,240000,-8.50399398803711,115.26695251464844
583,https://s-light.tiket.photos/t/01E25EBZS3W0FY9GTG6C42E1SE/t_htl-dskt/tix-hotel/images-web/2022/08/16/4cddd8f2-df6d-4620-b4c7-2810dfaeef69-1660590540637-7cce1abd61526292b413704a313d6905.jpg,Pondok Ayu Shanti,Guest House,Ubud Gianyar,jln champuan III. br dauh Labak. singakerta. ubud,5.0,283029,315350,-8.52658307352141,115.248677248213
584,https://s-light.tiket.photos/t/01E25EBZS3W0FY9GTG6C42E1SE/t_htl-dskt/tix-hotel/images-web/2022/08/20/c489c030-d2d2-4728-849c-2ed8055da12d-1660956213000-e9e8931d3a6b10c84c99b5bbde8b31d4.jpg,Eka Bali Guest House,Guest House,Ubud Gianyar,Jalan Raya Pengosekan Ubud,Belum ada rating,269999,320000,-8.522040560762406,115.26371464133263
585,https://s-light.tiket.photos/t/01E25EBZS3W0FY9GTG6C42E1SE/t_htl-dskt/tix-hotel/images-web/2021/03/12/d1793907-2e51-444b-b4b6-9360991be8c8-1615539339361-eddb3d9eaf5cf08e1b6bacd48e36b1c6.jpg,Jungut Guest House Ubud,Guest House,Ubud Gianyar,Jl. Arjuna. Ubud. Kabupaten Gianyar. Bali. Indonesia,5.0,129033,272156,-8.507348,115.261278
586,https://s-light.tiket.photos/t/01E25EBZS3W0FY9GTG6C42E1SE/t_htl-dskt/tix-hotel/images-web/2020/10/31/6d17b65e-6893-4a13-8e68-77cfbdab7a4d-1604142707542-c507730ca184c3f1c3f7f380c167667a.jpg,Agung Alit Guest House,Guest House,Tegallalang Gianyar,Jl. Raya Andong No.123. Petulu. Kecamatan Ubud. Kabupaten Gianyar. Bali 80552. Indonesia,Belum ada rating,161700,350001,-8.488932,115.275628
587,https://s-light.tiket.photos/t/01E25EBZS3W0FY9GTG6C42E1SE/t_htl-dskt/tix-hotel/images-web/2020/10/15/32016ebc-0967-4faf-ab6c-bc7e11321c4a-1602764104060-b9204097fea3e61dad7d5a28d86758ff.jpg,Ben's Homestay,Hotel,Ubud Gianyar,Jalan Suweta. Sambahan,Belum ada rating,314999,314999,-8.504389762878418,115.26307678222656
588,https://s-light.tiket.photos/t/01E25EBZS3W0FY9GTG6C42E1SE/t_htl-dskt/tix-hotel/images-web/2021/10/18/3d0726db-0ee5-4002-9ae8-382cff091d22-1634526070567-6d838b8d1f430bf18f61b4513ec8a978.jpg,Wijaya Guest House,Guest House,Ubud Gianyar,Dharma Putra Street no 25. Laplapan-Ubud.Jl. Dharma Putra no 25. Banjar Laplapan. Desa Laplapan,4.5,100000,100000,-8.503762245178223,115.27803802490234
589,https://s-light.tiket.photos/t/01E25EBZS3W0FY9GTG6C42E1SE/t_htl-dskt/tix-hotel/images-web/2021/11/05/043b62db-5343-4fef-8862-e6e06d683b9b-1636107641254-53f86787bc09dde33df69837936f6c48.jpg,Pondok Bali,Guest House,Ubud Gianyar,Jalan Raya Laplapan No. 29,4.2,116999,350000,-8.502597609646985,115.27817845344543
590,https://s-light.tiket.photos/t/01E25EBZS3W0FY9GTG6C42E1SE/t_htl-dskt/tix-hotel/images-web/2020/10/31/a6fbc6cb-d130-4a50-99c1-6ad888c5910c-1604145526427-81e9fb012c76ecf2fd996da22c9f36cc.jpg,Taman Indrakila,Hotel,Ubud Gianyar,Jalan Campuhan. Sayan. Ubud - Gianyar,Belum ada rating,281520,618813,-8.49905,115.25339
591,https://s-light.tiket.photos/t/01E25EBZS3W0FY9GTG6C42E1SE/t_htl-dskt/tix-hotel/images-web/2020/10/29/53250511-f7bc-4dad-af89-41ddd96d7a3d-1603915332868-8b9fca61808bf49080fdb2535824b78f.jpg,Kabera House 2,Vacation Home,Ubud Gianyar,Gang Arjuna Jl. Monkey Forest,Belum ada rating,100000,150000,-8.507450103759766,115.26164245605469
592,https://s-light.tiket.photos/t/01E25EBZS3W0FY9GTG6C42E1SE/t_htl-dskt/tix-hotel/images-web/2020/11/16/2acfd5d9-c993-4d15-9e0f-572253942d0f-1605506694380-369a06e61cd75d30346f730ebd32b865.jpg,Ida Guest House,Bed & Breakfast,Sukawati Gianyar,gang cakra. rumah pertama. gerbang coklat,Belum ada rating,254805,254805,-8.584390989363026,115.27913944016522
593,https://s-light.tiket.photos/t/01E25EBZS3W0FY9GTG6C42E1SE/t_htl-dskt/tix-hotel/images-web/2020/11/01/ba54982a-6ea0-4968-85ed-7313412512ff-1604181629286-c78ddfdf9d9b2832f7db16191306eb64.jpg,Teba House Bisma Ubud by ecommerceloka,Guest House,Ubud Gianyar,Jl. Bisma No.35. Ubud. Kecamatan Ubud. Kabupaten Gianyar. Bali 80571. Indonesia,4.0,148938,220000,-8.515449,115.258448
594,https://s-light.tiket.photos/t/01E25EBZS3W0FY9GTG6C42E1SE/t_htl-dskt/tix-hotel/images-web/2021/11/21/87c15875-6e00-419c-9c00-7a2ace67b282-1637511647253-0f89ff3f2b24122e4dbc54441d741098.jpg,"bucu hidden guest house, and meditation center",Guest House,Ubud Gianyar,Jl raya bresela Jl raya bresela,Belum ada rating,128700,200001,-8.432669639587402,115.26898956298828
595,https://s-light.tiket.photos/t/01E25EBZS3W0FY9GTG6C42E1SE/t_htl-dskt/tix-hotel/images-web/2021/12/01/0049442a-e705-4ee5-8cdd-b2ec3e300517-1638351623824-7594c22e14c964011a2318b314c0a756.jpg,Ganesha Ubud Inn,Guest House,Ubud Gianyar,Jl. Hanuman No. 43 Padang Tegal,Belum ada rating,254805,600000,-8.51452814021672,115.262986421585
596,https://s-light.tiket.photos/t/01E25EBZS3W0FY9GTG6C42E1SE/t_htl-dskt/tix-hotel/images-web/2021/12/10/fdd3847b-503e-46fd-bc94-28ad22ab8a42-1639138235151-967726cfbc508f0804bc1d9bcf5f6467.jpg,Ubud City Hotel,Hotel,Ubud Gianyar,Jalan Wenara Wana,Belum ada rating,222535,687875,-8.511016845703125,115.2594985961914
597,https://s-light.tiket.photos/t/01E25EBZS3W0FY9GTG6C42E1SE/t_htl-dskt/tix-hotel/images-web/2021/12/17/d880a40e-3788-431e-afd4-8cc210ed0499-1639756865071-103003122500530fb427f4edcfb4276b.jpg,Sanga House (Balinese Concepts),Apartment,Tampaksiring Gianyar,Sanga House,Belum ada rating,285000,285000,-8.508450999999999,115.29423900000006
598,https://s-light.tiket.photos/t/01E25EBZS3W0FY9GTG6C42E1SE/t_htl-dskt/tix-hotel/images-web/2020/10/15/9ff06e7a-e182-41ef-86fc-5c5b5900c192-1602779216806-3691026cc53f92ea924150b22682ad3e.jpg,Mano House,Bed & Breakfast,Ubud Gianyar,Jalan Nyuh Gading 10. Nyuh Kuning. Mas. 80571,Belum ada rating,299999,299999,-8.526080131530762,115.25665283203125
599,https://s-light.tiket.photos/t/01E25EBZS3W0FY9GTG6C42E1SE/t_htl-dskt/tix-hotel/images-web/2020/12/04/fa09e904-7069-45ad-a762-9478b7da7284-1607078170371-839416568ae925d7658424eb98d3b809.jpg,Sari Nadi Homestay,Guest House,Ubud Gianyar,Jalan Monkey Forest. Gang Beji No 17. Br Ubud Kelod. Ubud. Gianyar. Bali.  Indonesia.Jalan Monkey Forest. Gang Beji (di sebelah utara SDN 1 Ubud) No 17. Br Ubud Kelod. Ubud. Gianyar. Bali. Indonesia . 80571 ,Belum ada rating,250000,250000,-8.509837,115.261079
600,https://s-light.tiket.photos/t/01E25EBZS3W0FY9GTG6C42E1SE/t_htl-dskt/tix-hotel/images-web/2020/11/01/7446aec0-fa9f-461c-be0c-c14647ef4fcd-1604170961720-f696b2bd96667e3e8f0e0f5f0840ee43.jpg,The Swell,Hostel,Tabanan Tabanan,Jl. Pantai Kedungu No.99. Belalang. Kec. Kediri. Kabupaten Tabanan. Bali. Indonesia,4.5,316498,316498,-8.60725,115.085866
601,https://s-light.tiket.photos/t/01E25EBZS3W0FY9GTG6C42E1SE/t_htl-dskt/tix-hotel/images-web/2021/09/21/49f1ae94-797c-40ae-8948-3c64f2ee3fe3-1632217525742-93bcb5f63f6fb78e255d98cbd0e0327b.jpg,Aris Hotel Tabanan,Hotel,Kediri Tabanan,Jl. Raya Denpasar - Gilimanuk. Abian Tuwung. Kec. Kediri. Kabupaten Tabanan. Bali,3.7,228456,295256,-8.560578,115.15457
602,https://s-light.tiket.photos/t/01E25EBZS3W0FY9GTG6C42E1SE/t_htl-dskt/tix-hotel/images-web/2022/06/22/1f248d7e-8ba0-436a-9532-d1990ed796bf-1655862323778-167932f9d5082f1012c0641d92fdf2cb.jpg,Pondok Astina,Guest House,Baturiti Tabanan,Jl. Denpasar-Singaraja. Baturiti. Kec. Baturiti. Kabupaten Tabanan. Bali,Belum ada rating,140000,140000,-8.311871,115.17583
603,https://s-light.tiket.photos/t/01E25EBZS3W0FY9GTG6C42E1SE/t_htl-dskt/tix-hotel/images-web/2020/10/16/619913bf-a26b-45f7-8f59-24cacc42b73b-1602811666867-9471700085552323a9ecaf21749bfba9.jpg,Dajan Buyan Homestay,Guest House,Bedugul Tabanan,Jalan Kedasong. Pancasari. Sukasada,3.0,231209,391277,-8.249142410490313,115.14262229204178
604,https://s-light.tiket.photos/t/01E25EBZS3W0FY9GTG6C42E1SE/t_htl-dskt/tix-hotel/images-web/2022/01/02/aa99f10a-7953-494b-9548-cdf44e130f08-1641133835197-1178eba4cd4bb9819fc6dc7cb255f256.jpg,Gubug Balian Beach Bungalow,Hotel,Selemadeg Tabanan,Jl. Pantai Balian No. 78. Banjar Pengasahan Pantai Balian. Selemadeg,Belum ada rating,196222,500175,-8.476152,114.935474
605,https://s-light.tiket.photos/t/01E25EBZS3W0FY9GTG6C42E1SE/t_htl-dskt/tix-hotel/images-web/2020/10/29/42a61597-187f-4a98-a146-3215202d8c95-1603926428653-42f5b6689e6668244a2575f957ed6eb6.jpg,Balian Paradise Resort,Hotel,Selemadeg Tabanan,Jl. Pantai Balian. Br. Pengasahan. Surabrata. Lalanglinggah. Selemadeg Bar.. Kabupaten Tabanan. Bali 82162,2.9,245922,481350,-8.502471,114.966425
606,https://s-light.tiket.photos/t/01E25EBZS3W0FY9GTG6C42E1SE/t_htl-dskt/tix-hotel/images-web/2022/06/22/9f83a9cb-5b5a-4e43-8b98-f755c0f76e71-1655841322615-74785376f03adcb8cca059a46864e55d.jpg,OYO 91228 Griya Siena,Hotel,Banjar Tabanan,1. Warung Geriya Siena. Gunung Lesung Hiking Trail. Bali. 81162. Indonesia. Bali,4.5,193667,193667,-8.28,115.106111
607,https://s-light.tiket.photos/t/01E25EBZS3W0FY9GTG6C42E1SE/t_htl-dskt/tix-hotel/images-web/2022/08/02/09d1738e-2422-443f-b1df-5bf123ae3ac4-1659409535119-6bd497670c64bd72c243487473cafd8c.jpg,Harmony Residence Tabanan,Guest House,Kediri Tabanan,Jl. Ahmad Yani X Gg. Rambutan. Banjar Anyar. Kec. Kediri. Kabupaten Tabanan. Bali,4.0,230000,230000,-8.553735,115.143604
608,https://s-light.tiket.photos/t/01E25EBZS3W0FY9GTG6C42E1SE/t_htl-dskt/tix-hotel/images-web/2022/07/18/4f1ae6aa-f09c-4d7b-8a24-8ba4530b666c-1658121925013-01785b16fe987b22cc63deb1f546877e.jpg,Ayudia Camp,Guest House,Baturiti Tabanan,Jl. Baturiti Bedugul No.19. Batunya. Kec. Baturiti. Kabupaten Tabanan. Bali,Belum ada rating,205000,340000,-8.283667,115.162356
609,https://s-light.tiket.photos/t/01E25EBZS3W0FY9GTG6C42E1SE/t_htl-dskt/tix-hotel/images-web/2021/11/26/f0146fd7-a50a-466d-8025-e57429f0acd1-1637903726632-3fb492495290806140119ff8d2801649.jpg,OYO 90714 Umah Pande Tabanan,Hotel,Kediri Tabanan,80861. Rumah Sakit Umum Daerah Tabanan. 14. Jalan Pahlawan. banjar sakenan baleran. Delod Peken. desa delod peken. Bali. 82121. Indonesia. Bali,Belum ada rating,63200,136856,-8.539284,115.132231
610,https://s-light.tiket.photos/t/01E25EBZS3W0FY9GTG6C42E1SE/t_htl-dskt/tix-hotel/images-web/2020/10/06/6335e8aa-bbbc-4753-a194-f2e059779966-1601956826323-dd0bdc480dc0936a3286bc905da5e115.jpg,Teras Subak Jatiluwih,Hotel,Penebel Tabanan,Br. Jatiluwih. Desa Jatiluwih Tabanan,Belum ada rating,260000,260000,-8.367210388183594,115.13008880615234
611,https://s-light.tiket.photos/t/01E25EBZS3W0FY9GTG6C42E1SE/t_htl-dskt/tix-hotel/images-web/2021/01/04/ffafa4e4-1ed3-402d-8f0d-025f31fa4563-1609756216655-514ec4404e3c4e066667c72e4fdb2d6d.jpg,Umah Hijau Tabanan,Guest House,Kediri Tabanan,Gg. I No.7A. Delod Peken. Kec. Tabanan. Kabupaten Tabanan. Bali,4.0,137751,356135,-8.538516,115.132664
612,https://s-light.tiket.photos/t/01E25EBZS3W0FY9GTG6C42E1SE/t_htl-dskt/tix-hotel/images-web/2020/10/29/de89cb64-8c7f-4ed9-8ac3-ebd3715b700a-1603942222216-ed0651c55ecfbc0a87beb58df8a60a87.jpg,Apple Villa,Resort Villa,Tabanan Tabanan,Jalan Pantai Yeh Gangga Banjar Bedha. Kediri ,Belum ada rating,269100,1242000,-8.575940132141113,115.0924072265625
613,https://s-light.tiket.photos/t/01E25EBZS3W0FY9GTG6C42E1SE/t_htl-dskt/tix-hotel/images-web/2021/07/27/40f93ad3-b210-44eb-bf0a-fa43e2846c8e-1627361719813-dc9045fcb4e0cf9ea033142b9601e214.jpg,Bali Home Stay & Spa Heritage,Homestay,Kerambitan Tabanan,Jl. Raya Kerambitan. Kerambitan. Kec. Kerambitan. Kabupaten Tabanan,Belum ada rating,250000,300000,-8.546554,115.080619
614,https://s-light.tiket.photos/t/01E25EBZS3W0FY9GTG6C42E1SE/t_htl-dskt/tix-hotel/images-web/2020/10/31/4b96460f-ff0b-46f1-a036-fc46358cb85c-1604128488694-ed6c45d5b7f8f664567696fa037c9cfb.jpg,Tegal Jero Homestay,Homestay,Penebel Tabanan,Jalan Penatahan-Wongayagede. Wongaya Gede. Penebel. Wongaya Gede. Penebel. Kabupaten Tabanan. Bali 85125. Indonesia,Belum ada rating,237500,250000,-8.372038,115.102584
615,https://s-light.tiket.photos/t/01E25EBZS3W0FY9GTG6C42E1SE/t_htl-dskt/tix-hotel/images-web/2020/11/01/4e94830b-a30f-438d-ba75-92841d80448d-1604163687696-3c1e6a288485037cfa0c6e0904282d20.jpg,Buana Asti Homestay,Guest House,Penebel Tabanan,jln Tambawaras Munacksari. Sangketan. Penebel. Kabupaten Tabanan. Bali 82152. Indonesia,Belum ada rating,123000,180000,-8.422979,115.104681
616,https://s-light.tiket.photos/t/01E25EBZS3W0FY9GTG6C42E1SE/t_htl-dskt/tix-hotel/images-web/2022/06/17/40a9f615-5210-46c3-82c5-a6f5d18156c2-1655419526449-c5d4ec1b629c1762d21054114d76789a.jpg,Bukit Kembar Guest House,Homestay,Bedugul Tabanan,Banjar Dinas Asah Panji. Wanagiri Singaraja. Bedugul. Tabanan. Bali. Indonesia,Belum ada rating,205000,205000,-8.244529,115.101717
617,https://s-light.tiket.photos/t/01E25EBZS3W0FY9GTG6C42E1SE/t_htl-dskt/tix-hotel/images-web/2022/09/14/22e76c08-3b98-49d6-a3dc-f75acc2cec46-1663150805295-0040f3e5bfd01dc4692688168574267d.jpg,Keyeh Homestay,Villa,Tabanan Tabanan,,Belum ada rating,274767,274767,-8.570350984246875,115.09106570857436
618,https://s-light.tiket.photos/t/01E25EBZS3W0FY9GTG6C42E1SE/t_htl-dskt/tix-hotel/images-web/2020/10/29/8f70b4f3-128b-45bd-a61f-1bc0b9b26aaa-1603981821175-1fe5c7fc7a4288da03aac882dea762e4.jpg,Suweden Homestay,Vacation Home,Penebel Tabanan,Jalan Gunungsari Umakayu. Jatiluwih. Senganan. Kec. Penebel. Kabupaten Tabanan. Bali,Belum ada rating,340000,340000,-8.36163,115.13704
619,https://s-light.tiket.photos/t/01E25EBZS3W0FY9GTG6C42E1SE/t_htl-dskt/tix-hotel/images-web/2020/10/16/12ed4f35-9dbc-415f-b993-71661ab5592b-1602843679696-12ac08d6610aabcecdf7557ec3990861.jpg,Hara Bali Eco Homestay,Lodge,Penebel Tabanan,Banjar Belulang. Mengesta. Penebel. Tabanan Regency. Bali 82152,Belum ada rating,286875,286875,-8.39663028717041,115.1407470703125
620,https://s-light.tiket.photos/t/01E25EBZS3W0FY9GTG6C42E1SE/t_htl-dskt/tix-hotel/images-web/2020/10/29/cd304bfb-1aab-41bb-98e0-d5281e046f60-1603935623765-45c53031dd3b2f4044042c383f7da29f.jpg,Pondok Balian,Hotel,Selemadeg Tabanan,Jl. Pantai Balian. Br. Pengasahan. Lalang Linggah Selemadeg Barat,Belum ada rating,200000,200000,-8.500499725341797,114.96607971191406
621,https://s-light.tiket.photos/t/01E25EBZS3W0FY9GTG6C42E1SE/t_htl-dskt/tix-hotel/images-web/2020/10/31/a3e459fd-d5ae-4a55-8914-ddd428f81fe2-1604143021061-33aa6947ff13ecdec1b163f1a17295bd.jpg,Teras Subak Homestay,Vacation Home,Penebel Tabanan,Jl. Jatiluwih Kawan. Jatiluwih. Penebel Kab. Tabanan,Belum ada rating,340000,340000,-8.37039,115.129853
622,https://s-light.tiket.photos/t/01E25EBZS3W0FY9GTG6C42E1SE/t_htl-dskt/tix-hotel/images-web/2022/04/27/dc34c9d8-b3e0-4a06-b476-f989485921ae-1651044454807-63aff9b5237f9f2d6ce74d824a865330.jpg,Pelangi Homestay RedPartner,Vacation Home,Baturiti Tabanan,'Jalan Baturiti Bedugul' 'No.19. Batunya. Kecamatan Baturiti',2.0,133773,231000,-8.283120155334473,115.15779113769531
623,https://s-light.tiket.photos/t/01E25EBZS3W0FY9GTG6C42E1SE/t_htl-dskt/tix-hotel/images-web/2022/07/09/fd943e72-a6df-4bdb-bdb6-46d937e38f22-1657338340487-0183d40b7867974475014313ed64e2d7.jpg,Anish Homestay,Homestay,Penebel Tabanan,Br. Dinas Gunungsari Desa. Jatiluwih. Tabanan,Belum ada rating,200000,200000,-8.36385,115.133122
624,https://s-light.tiket.photos/t/01E25EBZS3W0FY9GTG6C42E1SE/t_htl-dskt/tix-hotel/images-web/2022/06/17/ea658fef-4530-46bc-bf17-53e98adf6741-1655420122485-b4944af5b689fc59c1016a6061537625.jpg,Tang Ting Tung Homestay,Homestay,Bedugul Tabanan,Wanagiri. Sukasada. Buleleng Regency. Bali,Belum ada rating,205000,340000,-8.24384,115.100822
625,https://s-light.tiket.photos/t/01E25EBZS3W0FY9GTG6C42E1SE/t_htl-dskt/tix-hotel/images-web/2022/09/04/6578b5d9-4bf1-4d58-b87d-158b9f1f24f5-1662302391652-2cde644178a78c26972072c83d5d117c.jpg,Vila puspa couple,Villa,Bedugul Tabanan,,Belum ada rating,223303,223303,-8.255302158853485,115.13527345941974
626,https://s-light.tiket.photos/t/01E25EBZS3W0FY9GTG6C42E1SE/t_htl-dskt/tix-hotel/images-web/2022/06/17/a043ec0e-d929-43bc-8346-19f10d06b577-1655418921480-d8fbb6a8d13750ddaf696325e12cc807.jpg,The Dewata Homestay,Homestay,Baturiti Tabanan,Jl. Gunung Agung No.28. Baturiti. Tabanan Regency. Bali,Belum ada rating,205000,205000,-8.3321427,115.1865077
