100,https://s-light.tiket.photos/t/01E25EBZS3W0FY9GTG6C42E1SE/t_htl-dskt/tix-hotel/images-web/2021/12/10/1a9ee311-120f-40a6-9d45-48f33055adcb-1639082457528-1581dc20e03150f42cda7021779776b4.jpg,Charaka Residence,Hotel,Banjarnegara,Jl. Dieng No.13. Krajan. Dieng Kulon. Kec. Batur. Kab. Banjarnegara. Jawa Tengah,3.7,284806,760000,-7.202985,109.905053
101,https://s-light.tiket.photos/t/01E25EBZS3W0FY9GTG6C42E1SE/t_htl-dskt/tix-hotel/images-web/2022/04/12/3d778d3a-6814-459f-bdd2-fcc08d1da73a-1649717732446-705c06fc4c328e7f1501145748d3a5f1.jpg,Turu Hostel Syariah,Homestay,Pucang Banjarnegara,Remembe RT 03 RW 07. Pucang. Bawang. Banjarnegara,5.0,87273,152727,-7.401333,109.661466
102,https://s-light.tiket.photos/t/01E25EBZS3W0FY9GTG6C42E1SE/t_htl-dskt/tix-hotel/images-web/2022/03/22/fac8b115-64b7-46a7-818e-35daa5712de3-1647945932895-05cce219cda8a54ed0afee36eaf6ec13.jpg,RedDoorz Syariah near Komplek Candi Arjuna Dieng 2,Guest House,Banjarnegara,Jl. Telaga Warna No.168. Dieng. Kejajar. Kabupaten Wonosobo. Jawa Tengah 56354. Indonesia,4.6,148838,318623,-7.206518,109.911781
103,https://s-light.tiket.photos/t/01E25EBZS3W0FY9GTG6C42E1SE/t_htl-dskt/tix-hotel/images-web/2021/12/24/c162e1b5-d5a8-44ae-8a9f-798c9dee9333-1640338827607-82f9ed004ec5b66407779e1bfa124123.jpg,Tani Jiwo Hostel Dieng,Guest House,Banjarnegara,JL Raya Dieng Rt 03 /03 Dieng Kulon,4.0,101485,421800,-7.20293,109.903314
104,https://s-light.tiket.photos/t/01E25EBZS3W0FY9GTG6C42E1SE/t_htl-dskt/tix-hotel/images-web/2022/04/14/3bce473b-cbef-4e9c-afc5-f7b9e562501d-1649906143465-35fc9d30a4fecb3e08df501597afb380.jpg,Homestay Merpati Dieng Syariah RedPartner,Hotel,Banjarnegara,Jl. Telaga Warna No.168. RT.003/RW.001. Dieng. wonosobo. Kabupaten Wonosobo. Jawa Tengah 56354. Indonesia,4.4,214713,326898,-7.206149,109.911612
105,https://s-light.tiket.photos/t/01E25EBZS3W0FY9GTG6C42E1SE/t_htl-dskt/tix-hotel/images-web/2022/08/05/bdccda24-3159-466c-8e89-c677133b9b54-1659678346135-c0faa65c5483f2d37ec39b8b93359f39.jpg,Homestay Nakula Sadewa,Homestay,Banjarnegara,Jl. Telaga Warna RT 4 RW 1. Dieng. Kec. Kejajar. Kabupaten Wonosobo. Jawa Tengah,Belum ada rating,163764,300000,-7.207458,109.911926
106,https://s-light.tiket.photos/t/01E25EBZS3W0FY9GTG6C42E1SE/t_htl-dskt/tix-hotel/images-web/2022/08/05/6fd493e6-79c7-4493-9ebe-2368cba68781-1659677135006-889dbe8909a14950c9ef7406ef058fde.jpg,Homestay Nakula Sadewa 2,Homestay,Banjarnegara,Jl. Telaga Warna RT 4 RW 1( depan SD Dieng ). Dieng. Kec. Kejajar. Kabupaten Wonosobo. Jawa Tengah,Belum ada rating,250000,250000,-7.209679,109.911688
107,https://s-light.tiket.photos/t/01E25EBZS3W0FY9GTG6C42E1SE/t_htl-dskt/tix-hotel/images-web/2021/12/21/722ee112-c14f-448a-8e61-68dd28f5e7b4-1640067332988-abf777d04bc3e2ac8645267b5f7b8e90.jpg,Flamboyan Homestay 1 Dieng RedPartner,Hotel,Banjarnegara,Homestay Flamboyan Dieng. Jalan Dieng. RT.1/RW.1. Krajan. Dieng Kulon. Wonosobo Regency. Central Java. Indonesia,3.5,159000,236250,-7.203209,109.911061
108,https://s-light.tiket.photos/t/01E25EBZS3W0FY9GTG6C42E1SE/t_htl-dskt/tix-hotel/images-web/2022/05/07/a589b13b-b023-4c9f-a43e-58bbfe856b73-1651926921327-f2b5c9a510d78b5cbf7ce0e0aa8784da.jpg,Diekul Potato Homestay by Luxury Degree,Homestay,Pasurenan Banjarnegara,QWX4+JPF. Krajan. Dieng Kulon. Kec. Batur. Kab. Banjarnegara. Jawa Tengah,Belum ada rating,310000,320000,-7.210109,109.848466
109,https://s-light.tiket.photos/t/01E25EBZS3W0FY9GTG6C42E1SE/t_htl-dskt/tix-hotel/images-web/2022/04/04/fcb5a1b7-cad6-4a42-abeb-0b5aafc9adb2-1649042129373-f389baa64a5cd3a35aca94c25fecd498.jpg,Kurnia Pandawa Homestay Syariah by Luxury Degree,Homestay,Banjarnegara,Dieng Kulon RT 03 RW 03. Banjarnegara. Jawa Tengah. Indonesia. Banjarnegara,Belum ada rating,320000,320000,-7.202131,109.905225
110,https://s-light.tiket.photos/t/01E25EBZS3W0FY9GTG6C42E1SE/t_htl-dskt/tix-hotel/images-web/2021/03/18/90f533c7-b15a-4d93-a1bd-b01e2071d473-1616084714911-7638ccae0f83b939ca96ffec49cc3d5f.jpg,Casablanca Family Syariah,Homestay,Banjarnegara,JL RAYA DIENG KULON RT 1 / RW 1 BATUR BANJARNEGARA JAWA TENGAH,5.0,207660,415423,-7.20257,109.909755
111,https://s-light.tiket.photos/t/01E25EBZS3W0FY9GTG6C42E1SE/t_htl-dskt/tix-hotel/images-web/2022/01/19/acc4b5e6-10c6-4f01-8299-21bcdf01f775-1642571125806-52d4ad144769fdee90627e614e83145b.jpg,Tikako Cottage,Cottage,Banjarmangu Banjarnegara,Dusun I. Kalilunjar. Banjarmangu. Banjarnegara. Central Java,4.1,384000,384000,-7.331235,109.710535
112,https://s-light.tiket.photos/t/01E25EBZS3W0FY9GTG6C42E1SE/t_htl-dskt/tix-hotel/images-web/2022/08/18/62faa87a-3a1c-4007-937e-472dcc709d33-1660813258909-a9e9c1d4be0270c402e62b02f75c9c48.jpg,RedDoorz Syariah near Alun Alun Kebumen,Hotel,Kebumen Kebumen,Jl. Kapten Piere Tendean No.15 A. Kepatihan. Kutosari. Kec. Kebumen. Kabupaten Kebumen. Jawa Tengah 54317. Indonesia,4.0,227588,240975,-7.666116,109.648014
113,https://s-light.tiket.photos/t/01E25EBZS3W0FY9GTG6C42E1SE/t_htl-dskt/tix-hotel/images-web/2020/10/31/1c345003-e168-4a22-8fb4-6126e8d21cc2-1604119491705-56b97be939b17ee905309767d3a03f66.jpg,Hotel Grand Putra Syariah,Hotel,Kebumen Kebumen,Jalan Pemuda No. 27. Dukuh. Kebumen. Kec. Kebumen. Kabupaten Kebumen. Jawa Tengah 54311. Indonesia,4.2,344999,344999,-7.672982,109.660952
114,https://s-light.tiket.photos/t/01E25EBZS3W0FY9GTG6C42E1SE/t_htl-dskt/tix-hotel/images-web/2020/10/31/cbf6b34b-64ec-46db-aecb-492f74c22cc6-1604142213551-52c155171ef068857e72e82afe192fa2.jpg,RedDoorz near Stasiun Kebumen,Hotel,Kebumen Kebumen,Jl. Pemuda No.63. Kebumen Kidul. Kebumen. Kec. Kebumen. Kabupaten Kebumen. Jawa Tengah 54311. Indonesia,3.2,183048,348160,-7.675799,109.660526
115,https://s-light.tiket.photos/t/01E25EBZS3W0FY9GTG6C42E1SE/t_htl-dskt/tix-hotel/images-web/2022/07/04/f6dc0cb5-bc37-424c-9a05-5326d74a16c5-1656914776577-3e8f90e96e0e836af2692d9b9b357f28.jpg,Hotel Wisma CK,Hotel,Kebumen Kebumen,Jl. Cincin Kota No.8. Megabiru. Karangsari. Kec. Kebumen. Kabupaten Kebumen. Jawa Tengah,3.0,164095,245000,-7.663304,109.666484
116,https://s-light.tiket.photos/t/01E25EBZS3W0FY9GTG6C42E1SE/t_htl-dskt/tix-hotel/images-web/2021/04/12/114d526f-fa25-4acc-b63c-a73588ca83c1-1618206319708-aacd2841d36db9a9c56e0523b9c8d6c3.jpg,RedDoorz near RSUD Kebumen 2,Hotel,Kebumen Kebumen,Jl. Depok Rejo No.7. RW.01. Ketraman. Adikarso. Kec. Kebumen. Kabupaten Kebumen. Jawa Tengah 54317. Indonesia,3.0,151068,227501,-7.69635,109.680139
117,https://s-light.tiket.photos/t/01E25EBZS3W0FY9GTG6C42E1SE/t_htl-dskt/tix-hotel/images-web/2022/02/07/750324c8-8765-4ed8-a4f1-dbd6fe26a236-1644204320853-523d68b9670bc35babdea576b337df05.jpg,Wisma Tulus Syariah Kebumen RedPartner,Guest House,Kebumen Kebumen,Jl. HM Sarbini No.4a. Kebumen. Bumirejo. Kec. Kebumen. Kabupaten Kebumen. Jawa Tengah 54316. Indonesia,3.5,176908,217350,-7.665201,109.651211
118,https://s-light.tiket.photos/t/01E25EBZS3W0FY9GTG6C42E1SE/t_htl-dskt/tix-hotel/images-web/2022/03/02/4e2ee38d-ca10-420a-a07a-5acf11356f56-1646211918258-dab9f438335d39960b0e856c31034b77.jpg,Bungalow Ungu Kebumen RedPartner,Cottage,Kebumen Kebumen,Jl. Lingkar Selatan No. 3 Muktisari Karangtengah. Karangtengah. Muktisari. Kec. Kebumen. Kabupaten Kebumen. No.3 Muktisari. Kecamatan Kebumen Kebumen. 54317 Kebumen. Indonesia,4.1,224229,565110,-7.694809,109.68467
119,https://s-light.tiket.photos/t/01E25EBZS3W0FY9GTG6C42E1SE/t_htl-dskt/tix-hotel/images-web/2022/05/12/17d1a281-0f2d-4a01-8338-b41e860e9f13-1652349644186-37f063e27f3b5559e0f72457ba2a32f8.jpg,Hotel Chandra Temanggung Syariah RedPartner,Hotel,Temanggung Temanggung,'Jalan Pahlawan' 'Jalan Pahlawan. No.27. Giyanti. Kecamatan Temanggung',2.6,81732,126349,-7.327539920806885,110.17962646484375
120,https://s-light.tiket.photos/t/01E25EBZS3W0FY9GTG6C42E1SE/t_htl-dskt/tix-hotel/images-web/2021/11/26/169a10f7-4fc2-42ac-8cf5-52c3e3c4be58-1637888442829-57501e23fc8abfa904e0c2e95f70d5b4.jpg,Dieng Kledung Pass Hotel & Restaurant,Hotel,Parakan Temanggung,Jl. Raya Wonosobo - Parakan Km 17,3.9,358000,358000,-7.341700077056885,110.03112030029297
121,https://s-light.tiket.photos/t/01E25EBZS3W0FY9GTG6C42E1SE/t_htl-dskt/tix-hotel/images-web/2021/12/13/74350969-b028-4c9c-9ba3-4e4fe8720f1b-1639406120993-95946d63aefe9a8f122a286cb377c133.jpg,Hotel Chandra Temanggung Syariah RedPartner,Hotel,Temanggung Temanggung,Jl. Pahlawan no. 27. RT 01. RW 05. Karangsari. Giyanti. Temanggung. Jawa Tengah,2.9,162500,234000,-7.32752,110.179422
122,https://s-light.tiket.photos/t/01E25EBZS3W0FY9GTG6C42E1SE/t_htl-dskt/tix-hotel/images-web/2020/10/15/e18d1d70-79a1-44bf-8ba8-414f34072dc3-1602732711896-17f4e17df7a9eb80721a2509976a961a.jpg,TriDwi Homestay,Vacation Home,Parakan Temanggung,Karang Wetan. DS Mandisari. RT:04. RW:03. Parakan,3.7,180000,280000,-7.271669864654541,110.09707641601562
123,https://s-light.tiket.photos/t/01E25EBZS3W0FY9GTG6C42E1SE/t_htl-dskt/tix-hotel/images-web/2020/10/31/eed3ef4b-ec04-48f0-ae21-0335611dc93f-1604141563468-bc4ffbe01560bd7a3dc3d0546e50936f.jpg,Umbrella Homestay,Homestay,Garungan Wonosobo,Jl. Dieng. Kuripan. Garung. Kabupaten Wonosobo. Jawa Tengah 56353. Indonesia,4.3,150000,250000,-7.284881,109.931674
124,https://s-light.tiket.photos/t/01E25EBZS3W0FY9GTG6C42E1SE/t_htl-dskt/tix-hotel/images-web/2020/10/31/27ce5d88-4398-4e4d-b506-afab31b8ccfa-1604135891562-d23429e3f356d15728e8c119e78522f4.jpg,RedDoorz near Alun Alun Wonosobo,Hotel,Wonosobo Wonosobo,Jl. Jenderal Ahmad Yani No.141. Wonosobo Timur. Wonosobo Tim.. Kec. Wonosobo. Kabupaten Wonosobo. Jawa Tengah,3.2,174825,255150,-7.368352,109.901285
125,https://s-light.tiket.photos/t/01E25EBZS3W0FY9GTG6C42E1SE/t_htl-dskt/tix-hotel/images-web/2021/03/12/f9c6c3b5-aaba-4679-9470-ec71f3e7bff3-1615559171343-c4742401f44edc5e5eb30fef7378a1a3.jpg,RedDoorz @ Gerbang Dieng Plateau Area,Guest House,Kejajar Wonosobo,Jl. Dieng. Parikesit. Kejajar. Kabupaten Wonosobo. Jawa Tengah 56354. Indonesia,3.2,226380,226380,-7.216188,109.930053
126,https://s-light.tiket.photos/t/01E25EBZS3W0FY9GTG6C42E1SE/t_htl-dskt/tix-hotel/images-web/2022/07/14/30a172b2-8de1-4d17-b205-f89447adbbb8-1657751268079-102894fa9591c0f71a21b352378ab031.jpg,KingKabba Guest House Wonosobo,Guest House,Wonosobo Wonosobo,jl. bumui godean no2 sarimulyo tawangsari,4.1,300000,350000,-7.381556,109.898199
127,https://s-light.tiket.photos/t/01E25EBZS3W0FY9GTG6C42E1SE/t_htl-dskt/tix-hotel/images-web/2021/02/10/72d13d34-468f-4a9d-b11b-5be4971a6d1d-1612949709035-46b1f18434bcecd24f40f9f8484fd29d.jpg,Parama Hotel,Hotel,Wonosobo Wonosobo,Jl Achmad Yani No 112 Wonosobo Jawa Tengah,3.1,198000,248000,-7.366036,109.901509
128,https://s-light.tiket.photos/t/01E25EBZS3W0FY9GTG6C42E1SE/t_htl-dskt/tix-hotel/images-web/2021/12/16/0a19d93c-9a66-4db8-b9c2-ef2d871b59a6-1639638312997-bfe7edc636c9dfb74cc70e871287920d.jpg,Arjuna 2 Homestay Syariah Dieng,Hotel,Kejajar Wonosobo,Jl. Telaga Warna No.4/1. Dieng. Kejajar. Kabupaten Wonosobo. Jawa Tengah 56354. Indonesia,3.6,131225,320040,-7.209461,109.91213
129,https://s-light.tiket.photos/t/01E25EBZS3W0FY9GTG6C42E1SE/t_htl-dskt/tix-hotel/images-web/2022/09/14/cf75a109-e492-454d-bb74-d0c231e417ac-1663130779043-8ad0d4c8ec5c9f12c3263435b457368e.jpg,Urbanview Hotel Umbrella Dieng,Hotel,Garungan Wonosobo,Jl. Dieng. Kuripan. Kec. Wonosobo. Kabupaten Wonosobo. Jawa Tengah 56353. Indonesia,4.0,202657,368550,-7.284799,109.931645
130,https://s-light.tiket.photos/t/01E25EBZS3W0FY9GTG6C42E1SE/t_htl-dskt/tix-hotel/images-web/2022/06/24/bb7839a5-d1a4-4e6a-b90a-1d8385ff3f93-1656054223348-dc7e9109a3c569295aff1188d0fe258b.jpg,RedDoorz Syariah near Terminal Mendolo Wonosobo 2,Hotel,Wonosobo Wonosobo,Jl. Lkr. Sel. Ngaglik. Pancurwening. Kec. Wonosobo. Kabupaten Wonosobo. Jawa Tengah 56316. Indonesia,4.6,122598,415800,-7.366997,109.920006
131,https://s-light.tiket.photos/t/01E25EBZS3W0FY9GTG6C42E1SE/t_htl-dskt/tix-hotel/images-web/2020/10/31/2a7c3458-ca78-4614-ad59-ef6b975bd5e8-1604146145703-2ec309ee929890109557674a6e9853c2.jpg,Hotel Tirta Arum,Hotel,Wonosobo Wonosobo,Jalan Raya Kertek - Wonosobo KM. 04 Binangun. Binangun. Wringinanom. Kec. Wonosobo. Kabupaten Wonosobo. Jawa Tengah 56371. Indonesia,3.5,145439,350000,-7.369542,109.930256
132,https://s-light.tiket.photos/t/01E25EBZS3W0FY9GTG6C42E1SE/t_htl-dskt/tix-hotel/images-web/2021/11/01/5049604e-8414-46fc-b7ff-7e2e22f10e7b-1635711331044-61f9b9f350988b10d4a4331e79e629ef.jpg,OYO 90517 Homestay Wonosobo Asri,Hotel,Wonosobo Wonosobo,Jl. Kyai Walik Jlegong. Wonosobo. Jawa Tengah 56311. Indonesia,4.3,119942,258168,-7.3507239,109.9093591
133,https://s-light.tiket.photos/t/01E25EBZS3W0FY9GTG6C42E1SE/t_htl-dskt/tix-hotel/images-web/2021/12/14/9b0df482-decb-44bf-84d1-373307bb848d-1639428668953-8bc6fe7a9ef8921025287b6ced76af49.jpg,Aurora Guest House,Guest House,Wonosobo Wonosobo,Jalan Raya Parakan - Wonosobo 61a,3.7,200001,200001,-7.3610100746154785,109.9098892211914
134,https://s-light.tiket.photos/t/01E25EBZS3W0FY9GTG6C42E1SE/t_htl-dskt/tix-hotel/images-web/2021/03/12/80d10bab-b25d-4738-bfaf-60ff11eec754-1615562075198-db5b54e851cac133f40d583e690ff8f7.jpg,RedDoorz near Terminal Mendolo Wonosobo,Hotel,Wonosobo Wonosobo,Perum Purnamandala No.F12. Perum Purnamandala. Bumireso. Kec. Wonosobo. Kabupaten Wonosobo. Jawa Tengah 56316. Indonesia,4.8,217800,232320,-7.370318,109.925143
135,https://s-light.tiket.photos/t/01E25EBZS3W0FY9GTG6C42E1SE/t_htl-dskt/tix-hotel/images-web/2021/10/27/87a2d05a-6cf6-4300-97fe-26fd79768b82-1635306338295-e8261a42df05aa38dd672b2e60cd0763.jpg,Homestay Banteng Adventure Dieng RedPartner,Hotel,Kejajar Wonosobo,Jl. Dieng No.KM 24. Patakbanteng. Kejajar. Kabupaten Wonosobo. Jawa Tengah 56354. Indonesia,4.6,249480,249480,-7.210517,109.924773
136,https://s-light.tiket.photos/t/01E25EBZS3W0FY9GTG6C42E1SE/t_htl-dskt/tix-hotel/images-web/2020/10/31/563781be-6365-4199-a49f-662e817bd38b-1604141100672-d54805c5ddc8bdf2155ea69dbeed316f.jpg,RedDoorz near Desa Wisata Tambi Dieng,Hotel,Kejajar Wonosobo,Jl. Dieng Km 15 Rejosari. tambi. Rejosari. Tambi. Kejajar. Kabupaten Wonosobo. Jawa Tengah 56354. Indonesia,3.6,189420,235620,-7.264335,109.948909
137,https://s-light.tiket.photos/t/01E25EBZS3W0FY9GTG6C42E1SE/t_htl-dskt/tix-hotel/images-web/2021/10/29/b66165ce-ef5e-4c53-8645-1dec2613390b-1635501323358-08e3d14b12a343500616662a11475001.jpg,Homestay Batu Kelir Syariah Dieng RedPartner,Hotel,Kejajar Wonosobo,Jl. Telaga Warna. Dieng. Kejajar. Kabupaten Wonosobo. Jawa Tengah 56354,4.1,124603,242550,-7.205176,109.911562
138,https://s-light.tiket.photos/t/01E25EBZS3W0FY9GTG6C42E1SE/t_htl-dskt/tix-hotel/images-web/2021/03/12/462d832b-2ce2-46b5-9b89-9f5608f2b7b9-1615561373380-4f6b7a4c661e762dd527608908ed98ce.jpg,SPOT ON 2112 Homestay Lestari Dieng,Hotel,Kejajar Wonosobo,Jl. Dieng No.16. Kabupaten Wonosobo,3.0,148901,448044,-7.203344,109.911205
139,https://s-light.tiket.photos/t/01E25EBZS3W0FY9GTG6C42E1SE/t_htl-dskt/tix-hotel/images-web/2021/12/06/73a5fdc6-d1c4-48b7-b3f6-598198022a3e-1638783929491-85a8fe34cbbe85149c4335fe97119e8c.jpg,Homestay Srikandi Syariah Dieng RedPartner,Hotel,Kejajar Wonosobo,Jl. Dieng No.16. Dieng. Kejajar. Kabupaten Wonosobo. Jawa Tengah 56354. Indonesia,5.0,155250,377190,-7.204428,109.911867
140,https://s-light.tiket.photos/t/01E25EBZS3W0FY9GTG6C42E1SE/t_htl-dskt/tix-hotel/images-web/2021/12/16/b03b2d2e-5fc1-494f-a3d7-e7da63806433-1639649725597-dcaf9e0e8bdebe87d808148a4a4de265.jpg,Mentari Pagi Sikunir Syariah,Hotel,Kejajar Wonosobo,desa. Sembungan. Kejajar. Kabupaten Wonosobo. Jawa Tengah 56354. Indonesia,3.0,208799,368046,-7.233799,109.914829
141,https://s-light.tiket.photos/t/01E25EBZS3W0FY9GTG6C42E1SE/t_htl-dskt/tix-hotel/images-web/2021/03/12/f668b94c-a12f-4f88-ac80-990fc9e049d7-1615559143763-50b13e20f2a64cfb2f4f3dd104bf93c6.jpg,SPOT ON 2514 Homestay Ortegha,Hotel,Mojo Tengah Wonosobo,Jl. Dieng Km 4.Munggang Indah. Munggang. Kalibeber. Mojotengah. Kabupaten Wonosobo,1.0,166667,235043,-7.327897,109.907888
142,https://s-light.tiket.photos/t/01E25EBZS3W0FY9GTG6C42E1SE/t_htl-dskt/tix-hotel/images-web/2021/02/26/48b2b9b5-8c3a-4e83-b644-8b3176d28639-1614339617228-a8558d6b656f5b42811e257d7bb9de7d.jpg,RedDoorz Syariah near Telaga Warna Dieng,Hotel,Kejajar Wonosobo,Jl. Dieng. Dieng. Kejajar. Kabupaten Wonosobo. Jawa Tengah 56354. Indonesia,3.9,258060,328159,-7.204656,109.91194
143,https://s-light.tiket.photos/t/01E25EBZS3W0FY9GTG6C42E1SE/t_htl-dskt/tix-hotel/images-web/2022/02/14/32b8b28d-bf95-4437-9184-97ef23f8c8c7-1644841514873-3f1041fbaf495cc027a1a9c656a50cf9.jpg,Homestay Dieng Persada Syariah,Guest House,Kejajar Wonosobo,Jl. Dieng No.KM 26. Dieng. Kejajar. Kabupaten Wonosobo. Jawa Tengah 56354. Indonesia,Belum ada rating,130499,273050,-7.204632,109.912066
144,https://s-light.tiket.photos/t/01E25EBZS3W0FY9GTG6C42E1SE/t_htl-dskt/tix-hotel/images-web/2020/10/08/9967049d-3e16-4d0a-8509-1683cb662a1c-1602125425524-1acd1c90079476f085db8947d6a958ea.jpg,Dieng Plateau Guest House,Vacation Home,Kejajar Wonosobo,Jl. Dieng KM.26 No.16,3.3,162413,264231,-7.204229831695557,109.911376953125
145,https://s-light.tiket.photos/t/01E25EBZS3W0FY9GTG6C42E1SE/t_htl-dskt/tix-hotel/images-web/2020/11/16/fe8f4b4a-0148-42ea-8d6d-84cb4ad25424-1605538991345-3cabd8fc1fe8cb24f5ec5a71ebeed517.jpg,Harumi Dieng,Vacation Home,Garungan Wonosobo,Jl. Raya Dieng km 12. no. 88. Kuripan. Garung. Wonosobo 56353.  Central Java,4.0,200000,220000,-7.28193998336792,109.93536376953125
146,https://s-light.tiket.photos/t/01E25EBZS3W0FY9GTG6C42E1SE/t_htl-dskt/tix-hotel/images-web/2021/10/17/ba4cccac-c432-4877-85c3-7f0449d2c5fb-1634428856315-830d4555126fad58c10fefdb5527360b.jpg,Homestay Lovebird,Holiday Park,Wonosobo Wonosobo,Jalan Argopeni Kejiwan Lowoijo Rt 01 Rw 04 Wonosobo,4.0,200000,250000,-7.348259925842285,109.9035873413086
147,https://s-light.tiket.photos/t/01E25EBZS3W0FY9GTG6C42E1SE/t_htl-dskt/tix-hotel/images-web/2021/10/06/e2b2203b-2eba-4db3-ada1-6ed2a334d031-1633511448320-2d05201c8f35e841b6c7e043f1dd6547.jpg,Haldor Stable Homestay,Vacation Home,Wonosobo Wonosobo,,Belum ada rating,269100,269100,-7.395480155944824,109.90900421142578
148,https://s-light.tiket.photos/t/01E25EBZS3W0FY9GTG6C42E1SE/t_htl-dskt/tix-hotel/images-web/2022/04/11/554d94b9-e560-413b-9800-d2dcda4ccfc1-1649680315668-1d268f7787bccb7c24015f222f165ba2.jpg,Dieng Ghuzy house syariah,Vacation Home,Kejajar Wonosobo,Jl. Dieng pass 0 km Dieng plateau kab Wonosobo 085291250250,Belum ada rating,315000,315000,-7.204249858856201,109.91153717041016
149,https://s-light.tiket.photos/t/01E25EBZS3W0FY9GTG6C42E1SE/t_htl-dskt/tix-hotel/images-web/2021/12/15/16a7f13e-e981-4bd5-95d1-1f0d45e98291-1639557922524-b9b6eabacd2aeee44b5ffb4923606d59.jpg,Central House Karimunjawa,Hotel,Karimun Jawa Jepara,4CCP+36M. Jl. Pattimura. Karimunjawa. Kabupaten Jepara. Jawa Tengah 59455. Indonesia,3.1,84910,240030,-5.879796,110.435561
150,https://s-light.tiket.photos/t/01E25EBZS3W0FY9GTG6C42E1SE/t_htl-dskt/tix-hotel/images-web/2021/11/29/f4670639-697e-493a-9f1d-b90ad1cc5f97-1638129025518-a3d0b5bbcec12582d1758a3c9385b84e.jpg,thebigkhostel,Hostel,Karimun Jawa Jepara,jl.bukitsaba rt 4 rw 1. kapuran karimunjawa,4.8,154123,616492,-5.8825972859181945,110.44435734316761
151,https://s-light.tiket.photos/t/01E25EBZS3W0FY9GTG6C42E1SE/t_htl-dskt/tix-hotel/images-web/2021/11/13/bd765bd2-ee8b-447e-ace3-262ceceae656-1636800640561-6486b54a92637b5dc6106d9a0502f4c6.jpg,Asta Homestay,Guest House,Karimun Jawa Jepara,Jl. Diponegoro RT 02 RW 02 Karimunjawa,4.7,285000,285000,-5.878890037536621,110.43374633789062
152,https://s-light.tiket.photos/t/01E25EBZS3W0FY9GTG6C42E1SE/t_htl-dskt/tix-hotel/images-web/2021/12/17/034fe535-b843-44c9-ab19-7d6134ba099c-1639710924351-137773c86c3f4df9172831fe7b719985.jpg,Sana Sini Hostel Karimunjawa,Hostel Privat,Karimun Jawa Jepara,Jl. jendral sudirman RT 02 RT 02 KEC. karimunjawa,Belum ada rating,175000,285000,-5.877663,110.43393
153,https://s-light.tiket.photos/t/01E25EBZS3W0FY9GTG6C42E1SE/t_htl-dskt/tix-hotel/images-web/2022/01/03/333c0925-51d5-4ef0-9e09-67d60715401e-1641146449783-b95cacbf2787ff8ba6495c44381fc49f.jpg,The Bodhi Tree Karimunjawa,Hostel,Karimun Jawa Jepara,Karimunjawa. Jepara Regency. Central Java. Indonesia,4.6,99999,349999,-5.8796318,110.4341495
154,https://s-light.tiket.photos/t/01E25EBZS3W0FY9GTG6C42E1SE/t_htl-dskt/tix-hotel/images-web/2021/06/28/e6a025d8-e90d-460b-bb04-2dee665ca8fb-1624891524477-e5eee1a0bd89177c282eff797594cb81.jpg,KALINDA HOMEY,Hostel,Karimun Jawa Jepara,Jl. Dr. Sutomo,4.5,140650,275000,-5.879588,110.433937
155,https://s-light.tiket.photos/t/01E25EBZS3W0FY9GTG6C42E1SE/t_htl-dskt/tix-hotel/images-web/2021/11/09/8424a540-873c-4724-aa8a-61c3eef61696-1636458638721-de20bdc7896a4d4bd43d90a7b21b287c.jpg,BIG K HOSTEL,Hostel,Karimun Jawa Jepara,Jalan Kapuran BIG K HOSTEL RT 4 RW 1,5.0,142800,680000,-5.882719993591309,110.44435119628906
156,https://s-light.tiket.photos/t/01E25EBZS3W0FY9GTG6C42E1SE/t_htl-dskt/tix-hotel/images-web/2021/04/13/53977fa2-f10b-4fd5-b4ca-6f5a39f7c24c-1618284059809-088c9cc4819db3604d3a0cfb8891a2cb.jpg,L'isola che... Hostel,Guest House,Karimun Jawa Jepara,Jl. Perintis RT 04 RW 01. Kapuran. Karimunjawa. Kabupaten Jepara. Jawa Tengah,5.0,113831,401759,-5.881858,110.440235
157,https://s-light.tiket.photos/t/01E25EBZS3W0FY9GTG6C42E1SE/t_htl-dskt/tix-hotel/images-web/2022/02/02/0b0b3b22-6fbb-4f74-9f67-fe53308af197-1643786122132-7e3dc9c88b2e783d0bab1e7b9b69a456.jpg,New Lishafah Homestay Karimunjawa RedPartner,Guest House,Karimun Jawa Jepara,Karimunjawa. Jepara Regency. Central Java. Indonesia,Belum ada rating,166208,476250,-5.879272,110.43938
158,https://s-light.tiket.photos/t/01E25EBZS3W0FY9GTG6C42E1SE/t_htl-dskt/tix-hotel/images-web/2022/09/08/2bc186c1-c35c-43ba-9236-49b63a8e78cd-1662648712605-f2fa3724e1f0cbb7cf13d43a064b643b.jpg,SamaSama Guesthouse,Guest House,Karimun Jawa Jepara,Jalan Slamet Riyadi,Belum ada rating,174999,255000,-5.880650043487549,110.4374771118164
159,https://s-light.tiket.photos/t/01E25EBZS3W0FY9GTG6C42E1SE/t_htl-dskt/tix-hotel/images-web/2022/02/28/48c4e6b1-e355-4fdf-a5c3-956243f32a01-1646057475412-b8ecca1b9210018fdc13584ec1f63db0.jpg,Samsara Karimunjawa,Guest House,Karimun Jawa Jepara,Jalan Perintis RT.02 RW.01 Kec. Karimunjawa,Belum ada rating,190000,280000,-5.8813300132751465,110.43740844726562
160,https://s-light.tiket.photos/t/01E25EBZS3W0FY9GTG6C42E1SE/t_htl-dskt/tix-hotel/images-web/2022/04/25/aa4cfed0-df73-484c-9e1c-612f73aab7a5-1650863727688-cc13ec186797a4f2246af74f6d8e6287.jpg,Lishafah Homestay Karimunjawa RedPartner,Hotel,Karimun Jawa Jepara,Karimunjawa. Jepara Regency. Central Java. 59455. Indonesia,Belum ada rating,224028,285750,-5.879444,110.436638
161,https://s-light.tiket.photos/t/01E25EBZS3W0FY9GTG6C42E1SE/t_htl-dskt/tix-hotel/images-web/2021/03/12/fee98b7e-17be-40cf-ba88-27e65da607b1-1615551334753-a2a4441e91070a866e1db8cf862b0da5.jpg,Puri Karimunjawa RedPartner,Hotel,Karimun Jawa Jepara,Jl. Slamet Riyadi. Karimunjawa. Karimun Jawa,Belum ada rating,189544,600075,-5.880402,110.437325
162,https://s-light.tiket.photos/t/01E25EBZS3W0FY9GTG6C42E1SE/t_htl-dskt/tix-hotel/images-web/2021/03/12/31e7ed5f-98b6-454e-b086-2114e9ac8edd-1615560604404-9d569431cd20249d5e0be7b2a5bb222b.jpg,SPOT ON 2761 Pondok Kartini,Hotel,Jepara Jepara,Senenan No.7. Kec. Tahunan. Kabupaten Jepara. Jawa Tengah,3.8,205597,205597,-6.611677,110.67843
163,https://s-light.tiket.photos/t/01E25EBZS3W0FY9GTG6C42E1SE/t_htl-dskt/tix-hotel/images-web/2020/12/06/e7fc6568-b153-405b-b271-f1f2fe9d7304-1607259635574-89327fcea2db9d697f3ed4398093f33b.jpg,Arriani Homestay,Vacation Home,Karimun Jawa Jepara,Jl. Diponegoro. Karimunjawa Rt/2. Rw 2 (near mosque),4.4,140000,250000,-5.8785600662231445,110.43379211425781
164,https://s-light.tiket.photos/t/01E25EBZS3W0FY9GTG6C42E1SE/t_htl-dskt/tix-hotel/images-web/2021/11/12/98a05fde-20ab-4998-bc27-9c4060a087a0-1636729825825-4a6a229727df0421b3d820143c7725b4.jpg,Blue Coral Karimun Homestay,Vacation Home,Karimun Jawa Jepara,Jalan Slamet Riyadi RT02 RW01. Karimunjawa. Kabupaten Jepara. Jawa Tengah,4.4,600000,600000,-5.881776,110.43937
165,https://s-light.tiket.photos/t/01E25EBZS3W0FY9GTG6C42E1SE/t_htl-dskt/tix-hotel/images-web/2021/12/04/5cb8df60-acf2-4fab-8b2c-496f246c3a58-1638631520184-64d3db5b64b12874af533fe5d1919414.jpg,SPOT ON 90760 Homestay Al Madina Syariah,Hotel,Jepara Jepara,KM 1.5. Jalan Gudang Sawo KM 1.5. Jepara,3.6,88199,142223,-6.576926,110.668831
166,https://s-light.tiket.photos/t/01E25EBZS3W0FY9GTG6C42E1SE/t_htl-dskt/tix-hotel/images-web/2021/12/22/eced193b-98f7-482d-8497-3c7a2089b147-1640150124311-02a2e64266b2488777c51ba6dc26d0a0.jpg,Bunga Jabe,Cottage,Karimun Jawa Jepara,Jl. Soegijapranata. Kemujan. Karimunjawa. Kabupaten Jepara. Jawa Tengah 59455,Belum ada rating,192000,432000,-5.79756,110.476349
167,https://s-light.tiket.photos/t/01E25EBZS3W0FY9GTG6C42E1SE/t_htl-dskt/tix-hotel/images-web/2021/11/30/a9e4c904-d3e1-4f6e-8227-c72d267ad819-1638233750936-8979295ec7d6d2d611dde2c2bf449d44.jpg,Home Stay Mulyo Kartini,Homestay,Jepara Jepara,Pantai Kartini. Rw. IV. Rw. IV. Bulu. Kec. Jepara. Kabupaten Jepara. Jawa Tengah 59418,Belum ada rating,175000,270000,-6.588747,110.646574
168,https://s-light.tiket.photos/t/01E25EBZS3W0FY9GTG6C42E1SE/t_htl-dskt/tix-hotel/images-web/2021/04/13/a0d05e46-9a68-4095-a5b9-8a02a500fb43-1618285564007-df5399fcd52abb5b3c50f97414b86c62.jpg,Wisma Andany,Townhouse,Jepara Jepara,Pengkol III. Pengkol. Kec. Jepara. Kabupaten Jepara. Jawa Tengah 59415. Indonesia,4.5,299999,749999,-6.585646,110.673059
169,https://s-light.tiket.photos/t/01E25EBZS3W0FY9GTG6C42E1SE/t_htl-dskt/tix-hotel/images-web/2021/10/06/0ea40ecc-c262-4708-9d29-476b8f1ebcd1-1633486849950-fb1b58d2e8a15c7a9b9ca7472a27ebd7.jpg,Homestay 89 New,Vacation Home,Jepara Jepara,89 Jalan Letjen Suprapto,4.4,202500,300000,-6.593939781188965,110.65751647949219
170,https://s-light.tiket.photos/t/01E25EBZS3W0FY9GTG6C42E1SE/t_htl-dskt/tix-hotel/images-web/2022/05/17/bded4cbf-f658-488a-a63e-26842a8d449b-1652755856174-0947d0133464bb8b272dcbd5d8d155fb.jpg,Basa-basi Lodge Karimunjawa,Bumi Perkemahan,Karimun Jawa Jepara,Jalan I. J. Kasimo,Belum ada rating,200000,200000,-5.8692498207092285,110.43319702148438
171,https://s-light.tiket.photos/t/01E25EBZS3W0FY9GTG6C42E1SE/t_htl-dskt/tix-hotel/images-web/2022/01/30/55f3874c-22f4-48d7-9be6-3286f3d0c71b-1643552446206-3f9f23e86fa0dee5574f265784cb506d.jpg,Ilyas Homestay,Vacation Home,Karimun Jawa Jepara,Jalan Dr. Sutomo,Belum ada rating,185000,310000,-5.879670143127441,110.43434143066406
172,https://s-light.tiket.photos/t/01E25EBZS3W0FY9GTG6C42E1SE/t_htl-dskt/tix-hotel/images-web/2020/10/31/68354ee7-4fda-4849-8bb8-8794aaa2bd53-1604148733807-43a445f1995f0efd01bb41405f96c4ff.jpg,OYO 1885 Wisma Wongso Syariah,Hotel,Borobudur Magelang,Jl. Pramudyawardhani No.36. Dusun XVI. Borobudur. Kec. Borobudur. Magelang. Jawa Tengah,4.3,100394,160815,-7.605721,110.210346
173,https://s-light.tiket.photos/t/01E25EBZS3W0FY9GTG6C42E1SE/t_htl-dskt/tix-hotel/images-web/2021/03/12/ace2ff6a-af12-474d-afc9-63714bf0d3d0-1615563151088-4962c395311db9b6c0014a4d1f673c80.jpg,RedDoorz Syariah @ Sunan Bonang Magelang,Hotel,Magelang Selatan Magelang,Jl. Sunan Bonang No.16. Jurangombo Sel.. Kec. Magelang Sel.. Kota Magelang. Jawa Tengah 56123. Indonesia,3.5,168072,222640,-7.495646,110.208013
174,https://s-light.tiket.photos/t/01E25EBZS3W0FY9GTG6C42E1SE/t_htl-dskt/tix-hotel/images-web/2020/10/28/37fc04d1-c1fe-4bab-ae89-6e90c4f40505-1603889924904-ce913f6b41837b2318fefcf35a6697b8.jpg,CitiHub Hotel @Jagoan Magelang,Hotel,Magelang Selatan Magelang,Jl. Jend. Gatot Soebroto No.260. Jurangombo Utara. Kec. Magelang Sel.. Kota Magelang. Jawa Tengah 56123,3.7,295000,425000,-7.4921159,110.2133283
175,https://s-light.tiket.photos/t/01E25EBZS3W0FY9GTG6C42E1SE/t_htl-dskt/tix-hotel/images-web/2020/11/01/5ce389e7-facd-4cb0-85a5-ff45a62693f6-1604179662330-be4c85cae25a811c2a486e2ca1244999.jpg,Hotel Catur,Hotel,Mertoyudan Magelang,Jl. Mayjen Bambang Soegeng No.308. Mangunan. Mertoyudan. Kec. Mertoyudan. Magelang. Jawa Tengah 56172. Indonesia,4.0,300000,550000,-7.514883,110.225447
176,https://s-light.tiket.photos/t/01E25EBZS3W0FY9GTG6C42E1SE/t_htl-dskt/tix-hotel/images-web/2020/10/31/e18ed4c6-61c5-44ab-b381-37783bda6d41-1604152276635-f787ab1e5b78d64ab03acc144e3be8b9.jpg,OYO 2519 Mayang Garini,Hotel,Borobudur Magelang,Jl. Badrawati No.19. Pulon. Magelang,3.0,144693,241851,-7.615547,110.207142
177,https://s-light.tiket.photos/t/01E25EBZS3W0FY9GTG6C42E1SE/t_htl-dskt/tix-hotel/images-web/2020/10/31/fc171eb2-e66c-4b50-a407-6a1bcc17a592-1604150409843-9b7910635d5f771f4bfa2f1426be4ae1.jpg,OYO 2068 Abhaya Mudra Homestay,Hotel,Borobudur Magelang,Jl. Medang Kamulan No.9. Dusun XIII. Borobudur. Kec. Borobudur. Magelang. Jawa Tengah 56553. Indonesia. Magelang,3.0,125098,149292,-7.604242,110.209
178,https://s-light.tiket.photos/t/01E25EBZS3W0FY9GTG6C42E1SE/t_htl-dskt/tix-hotel/images-web/2022/08/11/05cfeb8a-fcbf-4b2c-842d-f6c144d32b31-1660209060951-2373d465e56ac2bdc39f789038df4869.jpg,Niagara Homestay,Homestay,Borobudur Magelang,Sidengen Kidul. Ngadiharjo. Borobudur,3.0,250000,250000,-7.620066,110.171013
179,https://s-light.tiket.photos/t/01E25EBZS3W0FY9GTG6C42E1SE/t_htl-dskt/tix-hotel/images-web/2020/10/31/5b00f865-fe94-4c52-98b4-65b0aaf66b4d-1604163083547-d3e4f50816a74a6d5a6291a49c54b908.jpg,OYO 2727 Nareswari Guest House,Hotel,Mertoyudan Magelang,01. Kavling Bumi Gemilang Blok A2 No. 3. Kedungengas. Bulurejo. Mertoyudan. Magelang. Magelang,3.4,180583,423044,-7.50345,110.195388
180,https://s-light.tiket.photos/t/01E25EBZS3W0FY9GTG6C42E1SE/t_htl-dskt/tix-hotel/images-web/2020/10/31/c716bdde-2390-4504-8a48-8d6f522dda47-1604125706768-f4d8245502deefbde9e8fbdf80e9eda8.jpg,OYO 598 Udan Mas Guesthouse& Gallery,Guest House,Borobudur Magelang,Kp. Brojolan RT. 02 / 01. Jalan Jendral Sudirman. Borobudur. Dusun 1. Wanurejo. Borobudur. Magelang. Jawa Tengah 56553. Indonesia. Magelang,4.0,135593,209060,-7.6293983,110.1998238
181,https://s-light.tiket.photos/t/01E25EBZS3W0FY9GTG6C42E1SE/t_htl-dskt/tix-hotel/images-web/2022/07/17/436350b8-0b06-4906-9595-07e390b1d2ad-1658071524107-d514a845f0b65e5b5d41df24cc56a356.jpg,OYO 91354 Hotel Mutiara,Hotel,Magelang Tengah Magelang,7. Jalan Pemuda No 7 Kel Panjang. kec Magelang tengahKota Magelang. Jawa Tengah. 56122. Indonesia. Magelang,3.1,139034,139034,-7.478326,110.219573
182,https://s-light.tiket.photos/t/01E25EBZS3W0FY9GTG6C42E1SE/t_htl-dskt/tix-hotel/images-web/2020/10/31/5319cbc5-fd9c-4acb-a2d0-1b2da1e88952-1604156404799-0bfc2ea93ff4325105ecc78b99800230.jpg,OYO 2393 Omahe Nawung Syariah,Hotel,Borobudur Magelang,Jl. Candi Pawon Brojonalan No.1. Dusun 1. Wanurejo. Magelang,3.9,109648,176897,-7.606428,110.219442
183,https://s-light.tiket.photos/t/01E25EBZS3W0FY9GTG6C42E1SE/t_htl-dskt/tix-hotel/images-web/2022/04/14/31e16349-6dbc-4b00-aca1-9614288a3071-1649912128579-e3756b1a66f9811b0d578c64424bf333.jpg,Rumah Bogelan Syariah Borobudur Magelang,Hotel,Borobudur Magelang,Bogelan. Bumen. Kembanglimus. Kec. Borobudur. Kabupaten Magelang. Jawa Tengah 56553,5.0,156109,342225,-7.598241,110.176171
184,https://s-light.tiket.photos/t/01E25EBZS3W0FY9GTG6C42E1SE/t_htl-dskt/tix-hotel/images-web/2021/02/03/da111d28-de35-4b48-95e0-ebe7e7656860-1612351509381-3a0f9f82de8c1bc75dc509e4ae85d703.jpg,Genthong Homestay,Guest House,Borobudur Magelang,Gang. Ngaran Lor. Dusun XVIII. Borobudur. Magelang. Jawa Tengah 56553. Indonesia,4.6,290000,360000,-7.609022,110.211194
185,https://s-light.tiket.photos/t/01E25EBZS3W0FY9GTG6C42E1SE/t_htl-dskt/tix-hotel/images-web/2021/04/29/fa4b27e8-b129-493e-a19e-4d33fb712eef-1619690707756-187437eb826d7c01f25c96e6bef58540.jpg,Hotel Wisata Magelang,Hotel,Magelang Selatan Magelang,Jalan Jendral Sudirman No.149/367 . Kota Magelang. Jawa Tengah 56125,3.7,227000,445867,-7.49255,110.22294
186,https://s-light.tiket.photos/t/01E25EBZS3W0FY9GTG6C42E1SE/t_htl-dskt/tix-hotel/images-web/2021/03/18/3852fa45-b484-4c72-b540-9ad98b549092-1616084634381-62482729f37995de258bf344fcba3b95.jpg,Omah Mardi Syariah by Ndalem Beong,Guest House,Borobudur Magelang,BUMEN. no 244. RT 9 / RW 4. KEMBANGLIMUS. BOROBUDUR. MAGELANG JAWA TENGAH,4.7,169237,232464,-7.594784,110.176888
187,https://s-light.tiket.photos/t/01E25EBZS3W0FY9GTG6C42E1SE/t_htl-dskt/tix-hotel/images-web/2021/04/16/347fcb93-6197-4bc7-aa68-91dba1a3c631-1618560040809-caebbfa18bff9566529ead3eb66feb5b.jpg,Penginapan Udin Syariah Bukit Rhema,Guest House,Borobudur Magelang,Gombong RT 3 / RW 4. Kembanglimus. Kec. Borobudur. Magelang. Jawa Tengah 56553,4.5,141058,172229,-7.605716,110.180541
188,https://s-light.tiket.photos/t/01E25EBZS3W0FY9GTG6C42E1SE/t_htl-dskt/tix-hotel/images-web/2021/06/21/ebf6ebe7-285f-4dbd-93f5-9c8a52c3491a-1624260312678-a1f20a435d7166b36b1970481e4a34be.jpg,Roemah Kayu Saragan Syariah Magelang RedPartner,Hotel,Mertoyudan Magelang,Jl. Kyai Ronggo 4. Sarangan. Banyurojo. Kec. Mertoyudan. Magelang. Jawa Tengah 56172. Indonesia,3.4,141031,210000,-7.509239,110.218685
189,https://s-light.tiket.photos/t/01E25EBZS3W0FY9GTG6C42E1SE/t_htl-dskt/tix-hotel/images-web/2020/10/31/718ec00f-474c-4833-8391-21ae9bd60493-1604152933684-d36780d1f9071438b1d3c8f2e991a17c.jpg,RedDoorz Syariah near Alun Alun Magelang,Guest House,Magelang Tengah Magelang,Jl. Tentara Pelajar No.49. Kemirirejo. Kec. Magelang Tengah. Kota Magelang. Jawa Tengah 56122. Indonesia,4.3,200147,331650,-7.484328,110.216063
190,https://s-light.tiket.photos/t/01E25EBZS3W0FY9GTG6C42E1SE/t_htl-dskt/tix-hotel/images-web/2021/03/12/942b3758-1b0b-47a8-ab0d-00c90f625496-1615562976065-96fc863ab9ca79b4c6f53108447c1902.jpg,OYO 3693 Kopi Klotok Homestay Syariah,Hotel,Secang Magelang,Jalan Raya Magelan-Secang Km 11. Krincing. Secang. Magelang,3.4,87084,123975,-7.385816,110.252928
191,https://s-light.tiket.photos/t/01E25EBZS3W0FY9GTG6C42E1SE/t_htl-dskt/tix-hotel/images-web/2021/01/25/74a71db1-1839-40b7-9f1e-0d06300e3ea3-1611564315079-f79aca412f6244b09ea498e0c19171ad.jpg,Lotus 2 Homestay,Homestay,Borobudur Magelang,Jalan Balaputra Dewa No 54 cawang Sari. Borobudur. Magelang. Jawa Tengah,4.2,349293,603545,-7.6064607,110.2128949
192,https://s-light.tiket.photos/t/01E25EBZS3W0FY9GTG6C42E1SE/t_htl-dskt/tix-hotel/images-web/2022/03/28/f0f83c47-f290-4335-8f03-a815037aef88-1648452328501-55e208d9f262c9c82160d5a1530ac3ee.jpg,Pakde air cafe and homestay,Hotel,Grabag Magelang,J8GH+GXQ. Keponan. Grabag. Kec. Grabag. Kabupaten Magelang. Jawa Tengah 56196. Indonesia,4.3,155250,396900,-7.373624,110.32955
193,https://s-light.tiket.photos/t/01E25EBZS3W0FY9GTG6C42E1SE/t_htl-dskt/tix-hotel/images-web/2022/01/18/9f1e640c-a17b-4a96-892f-b3d2ffda2a78-1642483517267-8d62729648ba0d255d442266a55f6bcb.jpg,Borobudur Cluster Homestay Candirejo Syariah,Guest House,Borobudur Magelang,Jl. Raya Candirejo. Wonosari. Candirejo. Kec. Borobudur. Kabupaten Magelang. Jawa Tengah,4.3,226107,435120,-7.622848,110.228063
194,https://s-light.tiket.photos/t/01E25EBZS3W0FY9GTG6C42E1SE/t_htl-dskt/tix-hotel/images-web/2022/06/20/e01b84e0-9dbd-4e3e-81a6-f7bc5cdb9c95-1655698524782-723ec7cb4625ef16a3d26323bde07107.jpg,RedDoorz Syariah near Taruna Nusantara Magelang,Hotel,Mertoyudan Magelang,Jl. Kyai Senen. Seneng Satu. Banyurojo. Kec. Mertoyudan. Kabupaten Magelang. Jawa Tengah 56172. Indonesia,5.0,261800,261800,-7.504792,110.209046
195,https://s-light.tiket.photos/t/01E25EBZS3W0FY9GTG6C42E1SE/t_htl-dskt/tix-hotel/images-web/2021/04/01/67120b4f-c60d-4dca-b6fe-4d084fc63512-1617265508395-0c2f8a726e80cfe70c62905c20bad978.jpg,Penginapan Roro Mendut,Homestay,Mungkid Magelang,Jl. Raya Borobudur Km.5. Mendut ll. Mungkid. Magelang,3.5,106472,286847,-7.570954,110.25586
196,https://s-light.tiket.photos/t/01E25EBZS3W0FY9GTG6C42E1SE/t_htl-dskt/tix-hotel/images-web/2022/03/09/779c7ab4-8ebb-40a8-abcb-fd1b287fcd09-1646769315344-2b62d009adc455e52685580157af878c.jpg,Homestay Mudiyono,Homestay,Borobudur Magelang,Jl. Parakan Argo Mukti Dusun Parakan RT 002 RW 002 Kel. Ngargogondo Kec. Magelang. Jawa Tengah,Belum ada rating,168750,200000,-7.622427,110.219788
197,https://s-light.tiket.photos/t/01E25EBZS3W0FY9GTG6C42E1SE/t_htl-dskt/tix-hotel/images-web/2021/11/29/4051c385-17eb-4aa9-9352-3b9379256af3-1638127243103-3e6d4a1da474466097b8651bf3cfd798.jpg,Roemah Beong Syariah at Desa Wisata Kembanglimus,Hotel,Borobudur Magelang,'RT.01/RW.06. Bumen' 'Kembanglimus. Central Java',Belum ada rating,169176,408485,-7.5942702293396,110.18331146240234
198,https://s-light.tiket.photos/t/01E25EBZS3W0FY9GTG6C42E1SE/t_htl-dskt/tix-hotel/images-web/2021/04/16/00d53d9f-dbca-4e83-83ed-369c0fb00a89-1618572929499-5da5a0404e4ae468ffb3fd6cdc313769.jpg,Penginapan Widodo Syariah Borobudur,Guest House,Borobudur Magelang,Sendaran RT 3 / RW 4. Kembanglimus. Borobudur. Magelang. Jawa Tengah,4.6,209989,338692,-7.598836,110.181209
199,https://s-light.tiket.photos/t/01E25EBZS3W0FY9GTG6C42E1SE/t_htl-dskt/tix-hotel/images-web/2022/01/20/7f796eea-5dea-447f-b729-c09877415b28-1642656916178-58990480dd4b52e87170aa9dcde43e33.jpg,Wimbo Hotel Borobudur,Guest House,Borobudur Magelang,Medang Kamulan No.1 A Kujon. Sriyasan. Wringinputih. Kec. Borobudur. Kabupaten Magelang. Jawa Tengah,Belum ada rating,282240,627200,-7.600318,110.196659
200,https://s-light.tiket.photos/t/01E25EBZS3W0FY9GTG6C42E1SE/t_htl-dskt/tix-hotel/images-web/2022/08/24/772d4cf4-f1c6-42aa-94cb-bb05191d850e-1661326784695-acf44174c421edde2b299460ed732cce.jpg,Mendut Inn Hotel,Hotel,Mungkid Magelang,Jl. Mayor Kusen No.KM.5. Mendut. Kec. Mungkid. Kabupaten Magelang. Jawa Tengah. Indonesia,Belum ada rating,240000,335000,-7.603101,110.229949
201,https://s-light.tiket.photos/t/01E25EBZS3W0FY9GTG6C42E1SE/t_htl-dskt/tix-hotel/images-web/2021/11/10/e20353c0-f66f-488c-98cc-5db7559c8ac7-1636524931324-9b3cda7eb8a13b20030d18d89d356da3.jpg,Homestay Punokawan Borobudur,Homestay,Borobudur Magelang,Jl. Badrawati Dusun Ngaran II. RT.01/RW.06. Dusun XIX,Belum ada rating,243900,470400,-7.61321,110.206082
202,https://s-light.tiket.photos/t/01E25EBZS3W0FY9GTG6C42E1SE/t_htl-dskt/tix-hotel/images-web/2021/09/27/668a8bb8-3b35-4f0c-9589-b4728546ffed-1632741623614-71be0002b72a0803b4717adda7311be1.jpg,Griya Harja Homestay,Vacation Home,Borobudur Magelang,Desa Majaksingi,3.7,150000,230000,-7.627500057220459,110.20049285888672
203,https://s-light.tiket.photos/t/01E25EBZS3W0FY9GTG6C42E1SE/t_htl-dskt/tix-hotel/images-web/2021/11/17/65e0e89b-c720-4107-bc57-e472e4561569-1637145645830-1e4a588d9acf461ca6266c6517918875.jpg,Mudhia Homestay,House,Borobudur Magelang,Mudhia Homestay,4.3,237618,247500,-7.589422,110.1611251
204,https://s-light.tiket.photos/t/01E25EBZS3W0FY9GTG6C42E1SE/t_htl-dskt/tix-hotel/images-web/2020/09/01/5845ea39-e902-45e1-87f7-4087a5a7ca44-1598923389542-c811e5520257d53d8dea6d93f9c45981.jpg,Penginapan & Guest House Mbok Dhe Borobudur,Vacation Home,Borobudur Magelang,Jalan Komando,5.0,199000,398001,-7.602109909057617,110.20848846435547
205,https://s-light.tiket.photos/t/01E25EBZS3W0FY9GTG6C42E1SE/t_htl-dskt/tix-hotel/images-web/2020/12/05/8bee659f-8936-4a23-81d4-3ce201c21a20-1607176214975-0d7b94f8326ee43e25d01b80d7ed5e07.jpg,Rumah Dharma,Guest House,Borobudur Magelang,Jowahan Wanurejo,4.6,795000,795000,-7.612070083618164,110.21311950683594
206,https://s-light.tiket.photos/t/01E25EBZS3W0FY9GTG6C42E1SE/t_htl-dskt/tix-hotel/images-web/2021/10/07/dc089335-76b3-4be9-a4a3-32de569354e3-1633595450656-58af2f9d39f8bb312578d8b0db53bf5d.jpg,Homestay Mulia Syariah Borobudur Magelang RedPartner,Vacation Home,Mungkid Magelang,Jl. Mayor Kusen KM.1.5. Pabelan Satu,Belum ada rating,201185,201185,-7.57925,110.24907
207,https://s-light.tiket.photos/t/01E25EBZS3W0FY9GTG6C42E1SE/t_htl-dskt/tix-hotel/images-web/2022/08/08/17fbd3a4-5148-4788-a22f-b9275c9b0dc6-1659962122561-298a6479ff7aa449692b548723e90fae.jpg,S101 Hotels,Hotel,Semarang Barat Semarang,Simongan 101 Semarang Bongsari,4.5,250000,300000,-6.993411,110.398605
208,https://s-light.tiket.photos/t/01E25EBZS3W0FY9GTG6C42E1SE/t_htl-dskt/tix-hotel/images-web/2022/03/15/50d76d76-0b45-410c-991d-24dec80b6531-1647321326054-cb27ea243475a91b6a32049a24a5dbaa.jpg,RedDoorz Plus near Patung Kuda Undip,Hotel,Banyumanik Semarang,Gg. Melati No.4. Sumurboto. Kec. Banyumanik. Kota Semarang. Jawa Tengah 50269. Indonesia,4.5,320760,320760,-7.049152,110.423827
209,https://s-light.tiket.photos/t/01E25EBZS3W0FY9GTG6C42E1SE/t_htl-dskt/tix-hotel/images-web/2021/03/12/fd673d35-f0ba-4a3d-a2dd-920ad528735d-1615536346062-004dfa38a440d8eb1fa086df388b4765.jpg,POP! Hotel Pemuda Semarang,Hotel,Semarang Tengah Semarang,Jalan Simpang No No.9. Sekayu. Semarang Tengah. Kota Semarang. Jawa Tengah 50132. Indonesia,4.0,275000,339000,-6.9840582,110.411966
210,https://s-light.tiket.photos/t/01E25EBZS3W0FY9GTG6C42E1SE/t_htl-dskt/tix-hotel/images-web/2020/10/31/1f1e5e98-5744-42a5-814a-2ec20a8417eb-1604151490730-d50dfcb08d99de340340cade97afb7e4.jpg,Hotel Marina Airport Semarang,Hotel,Semarang Barat Semarang,Jalan Madukoro Raya A-4. Tawangsari. Semarang Barat. Semarang. Jawa Tengah. Indonesia,4.2,179999,274362,-6.962704,110.392325
211,https://s-light.tiket.photos/t/01E25EBZS3W0FY9GTG6C42E1SE/t_htl-dskt/tix-hotel/images-web/2021/12/12/99d94783-0b7a-4446-8ea5-1cfaabd8c073-1639279520330-6139a3cc3249d7bc959746159fd88ea2.jpg,The Backpacker Simpang Lima Semarang,Hostel,Semarang Tengah Semarang,jl. Anggrek X no 2A Semarang,4.4,49999,119999,-6.988429,110.424686
212,https://s-light.tiket.photos/t/01E25EBZS3W0FY9GTG6C42E1SE/t_htl-dskt/tix-hotel/images-web/2020/11/01/9bf04fd0-8af6-4128-a2ad-d972f82b9efb-1604173966939-70221b605d0506e89b1a1e02533d4f75.jpg,Smart Budget Hotel Semarang,Hotel,Semarang Utara Semarang,Jl. Tj. Mas Raya No.19. Panggung Lor. Kec. Semarang Utara. Kota Semarang. Jawa Tengah 50177,4.0,164999,234999,-6.954205,110.408647
213,https://s-light.tiket.photos/t/01E25EBZS3W0FY9GTG6C42E1SE/t_htl-dskt/tix-hotel/images-web/2021/11/29/cf3896fa-6702-496f-8271-9218679fc5e8-1638179721662-6064fe4d2632e43010487ee9921ffb55.jpg,OYO 90758 D Kost In Kandri Semarang,Hotel,Gunungpati Semarang,1. Gang Begoroh. RW 01. Kandri. Gunung Pati. Semarang. Jawa Tengah. 50229. Indonesia. Semarang,4.0,69500,116684,-7.088128,110.362462
214,https://s-light.tiket.photos/t/01E25EBZS3W0FY9GTG6C42E1SE/t_htl-dskt/tix-hotel/images-web/2021/03/18/b4a3dfa1-ebd1-4c19-849e-ff095102a4e0-1616070322571-91c26b092f89cc2b49b9d293e5e56df0.jpg,SPOT ON 2281 Omajo,Hotel,Semarang Timur Semarang,Jl. Labuhan I no 14. Semarang,4.4,105118,201062,-6.988558,110.436573
215,https://s-light.tiket.photos/t/01E25EBZS3W0FY9GTG6C42E1SE/t_htl-dskt/tix-hotel/images-web/2022/07/27/ac791f07-ee26-4429-85dd-dc87486e7088-1658898322052-50a21f2d399ede90781e335001261a0e.jpg,Griya Ayem Residence,Hostal,Banyumanik Semarang,Dekat UNDIP. Jl. Mulawarman Raya No.9. Tembalang. Kec. Banyumanik. Kota Semarang. Jawa Tengah 50275,4.2,240000,270000,-7.067911,110.433163
216,https://s-light.tiket.photos/t/01E25EBZS3W0FY9GTG6C42E1SE/t_htl-dskt/tix-hotel/images-web/2022/08/22/b3e287ee-e7e2-43d2-9d64-9d0ab12bfe4b-1661160367540-60031b32e31f69a25441cf4f77eba4e3.jpg,Urbanview Hotel Mountain Palace Kopeng,Hotel,Getasan Semarang,Jalan Kopeng. Kec. Getasan. Kabupaten Semarang. Jawa Tengah 50774. Indonesia,4.4,178031,296010,-7.396523,110.417042
217,https://s-light.tiket.photos/t/01E25EBZS3W0FY9GTG6C42E1SE/t_htl-dskt/tix-hotel/images-web/2020/11/01/b9d2263b-1fbb-45a4-b7f4-48f02a188b76-1604173966934-60751d78096ee3a33b45b8ad02b4d64a.jpg,Sumi Hotel Simpang Lima Semarang,Hotel,Semarang Tengah Semarang,Jl. Gajahmada No.129. Pekunden. Kec. Semarang Tengah. Kota Semarang. Jawa Tengah 50241. Indonesia,3.8,214449,300000,-6.987582,110.422284
218,https://s-light.tiket.photos/t/01E25EBZS3W0FY9GTG6C42E1SE/t_htl-dskt/tix-hotel/images-web/2020/10/31/1c45ca6e-6637-40da-8be0-7d02990188dc-1604123418777-ee7bd871a6acc769d906dd7275ca0c01.jpg,OYO 389 Sky Guesthouse,Guest House,Semarang Timur Semarang,Jl. Sidorejo No.125. Sarirejo. Semarang Tim.. Kota Semarang. Jawa Tengah 50124. Indonesia. Semarang,3.6,166417,299375,-6.9770633,110.434704
219,https://s-light.tiket.photos/t/01E25EBZS3W0FY9GTG6C42E1SE/t_htl-dskt/tix-hotel/images-web/2021/12/08/76b90544-1717-4dac-b6a8-9e7b66e45e5b-1638948923840-48a0c5a59527195e0483e7e2afafac82.jpg,Cozzy Stay Semarang,Hotel,Tembalang Semarang,Jl. Kedungmundu No. 82. Tandang. Kec. Tembalang,4.2,227489,284000,-7.011686,110.44556
220,https://s-light.tiket.photos/t/01E25EBZS3W0FY9GTG6C42E1SE/t_htl-dskt/tix-hotel/images-web/2021/03/12/e737f63f-56f0-47f7-9f10-74ce3d0d5e86-1615546544989-339d8190e939124f8c4b15cd4cf60e0e.jpg,F&B Inn Sam Poo Kong Bandara Semarang,Hotel,Semarang Barat Semarang,Jl. Puspowarno Raya No.47. Salamanmloyo. Kec. Semarang Bar.. Kota Semarang. Jawa Tengah 50149. Indonesia,4.2,240790,417900,-6.988646,110.395724
221,https://s-light.tiket.photos/t/01E25EBZS3W0FY9GTG6C42E1SE/t_htl-dskt/tix-hotel/images-web/2020/10/31/28250128-2fa6-4266-83c0-b5cc3f13ebba-1604155664861-0fc6bd4ff4b3da6b46066272d55469b9.jpg,RedDoorz Syariah Near Exit Toll Banyumanik,Guest House,Banyumanik Semarang,Jl. Sawunggaling Sel. No.1. Padangsari. Kec. Banyumanik. Kota Semarang. Jawa Tengah 50267. Indonesia,4.3,133781,260480,-7.073275,110.432265
222,https://s-light.tiket.photos/t/01E25EBZS3W0FY9GTG6C42E1SE/t_htl-dskt/tix-hotel/images-web/2021/04/27/45f9a0a0-611e-4828-9f45-30bb6739c498-1619519725705-78d2606494d0c86b06707d82b3051a01.jpg,RedDoorz Plus near Kawasan Sam Poo Kong Semarang,Hotel,Semarang Barat Semarang,Jl. Simongan No.191. Ngemplak Simongan. barat. Kota Semarang. Jawa Tengah 50148. Indonesia,4.2,197372,283800,-7.002731,110.393588
223,https://s-light.tiket.photos/t/01E25EBZS3W0FY9GTG6C42E1SE/t_htl-dskt/tix-hotel/images-web/2020/11/01/4349751d-8fef-4f46-815b-5f602fbe161a-1604181116628-44658f4a5b1aa7cd366cdc376ead5e53.jpg,Studio Inn And Suite Semarang,Hotel,Gajahmungkur Semarang,Jl. Rinjani No.10D. Bendungan. Kec. Gajahmungkur. Kota Semarang. Jawa Tengah,4.0,235000,275000,-7.0011111,110.4086111
224,https://s-light.tiket.photos/t/01E25EBZS3W0FY9GTG6C42E1SE/t_htl-dskt/tix-hotel/images-web/2021/02/18/b6726527-62dc-42ef-ac91-714331cbee1d-1613643632210-44ee17a1d45a6791008800f844187b62.jpg,DS CoLive Layur Kota Lama,Hotel,Semarang Utara Semarang,Jl. Layur No. 115. Dadapsari. Kec. Semarang Utara. Kota Semarang. Jawa Tengah. Indonesia,3.9,200000,200000,-6.964957,110.421663
225,https://s-light.tiket.photos/t/01E25EBZS3W0FY9GTG6C42E1SE/t_htl-dskt/tix-hotel/images-web/2022/09/07/dd46da19-239f-4a09-b402-e521c0cf86a6-1662535083225-0b7809deaca53ab6e80cce51357bf0d3.jpg,OYO 91473 Wisma Husada 1 Semarang,Hotel,Semarang Barat Semarang,Jl. Abdulrahman Saleh No.89 A. Kalibanteng Kulon. Kec. Semarang Barat. Kota Semarang. Jawa Tengah 50145. Jalan Lebdosari VI. RW 03. Kalibanteng Kidul. Semarang Barat. Semarang. Jawa Tengah. 50148. Indonesia. Semarang,Belum ada rating,76650,86183,-6.992988,110.37986
226,https://s-light.tiket.photos/t/01E25EBZS3W0FY9GTG6C42E1SE/t_htl-dskt/tix-hotel/images-web/2022/08/29/80cb6427-8300-4022-aa16-28aea06995c2-1661790342196-6e089f7ddd23a94d6aea859b2df23902.jpg,Sunrise Hotel Semarang,Hotel,Pedurungan Semarang,Jln Soekarno Hatta No. 97. Kota Semarang. Jawa Tengah 50196,4.0,317400,381800,-6.981651,110.453108
227,https://s-light.tiket.photos/t/01E25EBZS3W0FY9GTG6C42E1SE/t_htl-dskt/tix-hotel/images-web/2022/01/12/83f5261d-0436-4381-9259-05ae204df8e9-1641974473990-526ba23c8b45d78d0307e42929228917.jpg,Wisma Purba Danarta,Homestay,Gajahmungkur Semarang,Jalan Veteran No.7. Semarang Selatan. Mugassari. Semarang Sel.. Kota Semarang. Jawa Tengah 50231. Indonesia,3.7,95000,145000,-6.9962,110.414912
228,https://s-light.tiket.photos/t/01E25EBZS3W0FY9GTG6C42E1SE/t_htl-dskt/tix-hotel/images-web/2021/03/12/2ae46199-76fa-454c-81b1-c2fa33c97f8e-1615552371464-2d49eba8405913ef2fd9a1a6724bdec7.jpg,DS CoLive Sinabung,Hotel,Candisari Semarang,Jl Sinabung V No 49,3.7,172664,230000,-7.014985,110.42339
229,https://s-light.tiket.photos/t/01E25EBZS3W0FY9GTG6C42E1SE/t_htl-dskt/tix-hotel/images-web/2020/10/31/a4cc982e-3cd5-4000-a71a-984e7399987a-1604149751465-84661015ec0752422a56e85a28beb853.jpg,Hotel Olympic Semarang,Hotel,Semarang Utara Semarang,Jl. Imam Bonjol No.126. Sekayu. Kec. Semarang Tengah. Kota Semarang. Jawa Tengah 50132,3.8,156400,202400,-6.974509,110.413475
230,https://s-light.tiket.photos/t/01E25EBZS3W0FY9GTG6C42E1SE/t_htl-dskt/tix-hotel/images-web/2021/03/12/268656d0-f1ff-4ee8-aede-5f2655c858d6-1615563424562-bf4d7e3affc592c488eef55f07ca7da0.jpg,Penginapan-Ku,Guest House,Gebangsari Semarang,Jl. Karangingas No.65 A. Siwalan. Kec. Gayamsari. Kota Semarang. Jawa Tengah 50162,4.1,65000,550000,-6.974368,110.448254
231,https://s-light.tiket.photos/t/01E25EBZS3W0FY9GTG6C42E1SE/t_htl-dskt/tix-hotel/images-web/2021/11/02/8926b4e7-ce1d-4d72-8650-98c1fbc994f2-1635827127654-c6a10170708e7b3f34d5b4699c839489.jpg,Sleep and Sleep Semarang,Hostel,Semarang Utara Semarang,Jl. Imam Bonjol No.15-17. Dadapsari. Kec. Semarang Utara. Kota Semarang. Jawa Tengah,4.0,54999,64999,-6.970276,110.421166
232,https://s-light.tiket.photos/t/01E25EBZS3W0FY9GTG6C42E1SE/t_htl-dskt/tix-hotel/images-web/2021/03/12/7253ecad-8327-4819-ace1-a2b5d1a8755c-1615554239292-f99f7c84ec77facd398fbf2623ccea40.jpg,Tlogo Resort & Goa Rong View,Resort,Tuntang Semarang,Jl. Raya Tuntang - Beringin KM.2 Desa Delik Tuntang,3.9,276000,414000,-7.272108,110.469802
233,https://s-light.tiket.photos/t/01E25EBZS3W0FY9GTG6C42E1SE/t_htl-dskt/tix-hotel/images-web/2020/11/01/093d7b3a-784a-4bfc-98fb-2ca43f798111-1604174839794-40fa3d0a01c2c0655da5bf8dc18d97fc.jpg,Hotel Pantes Kota Lama Semarang,Hotel,Semarang Tengah Semarang,Jalan Pekojan Pertokoan THD B18-19. Purwodinatan. Semarang Tengah. Semarang. Jawa Tengah. Indonesia,3.5,136732,217999,-6.9707,110.428683
234,https://s-light.tiket.photos/t/01E25EBZS3W0FY9GTG6C42E1SE/t_htl-dskt/tix-hotel/images-web/2021/11/02/0c141ed3-a53f-489a-95c4-4e411ca2ce36-1635838532480-e795a76906c191f823896c510e635e2f.jpg,InnJoy Guesthouse,Guest House,Banyumanik Semarang,Jl. Perintis Kemerdekaan No.199. Srondol Wetan. Kec. Banyumanik. Kota Semarang. Jawa Tengah 50263,3.4,122823,178000,-7.071534,110.411405
235,https://s-light.tiket.photos/t/01E25EBZS3W0FY9GTG6C42E1SE/t_htl-dskt/tix-hotel/images-web/2020/10/28/f8398bc5-933d-40d2-927a-b5a0a5f4ba30-1603899520170-cb95640e605f3b88de8574951883bec1.jpg,Mess Inn Semarang,Hostel,Semarang Utara Semarang,Jl Imam Bonjol II/10 - Sebelah Alfa Mart Masuk - Ikuti Google Maps,3.3,62999,373055,-6.970529,110.418266
236,https://s-light.tiket.photos/t/01E25EBZS3W0FY9GTG6C42E1SE/t_htl-dskt/tix-hotel/images-web/2020/10/31/49750502-000b-435f-a8e0-a27317ebded5-1604134460623-5bf446dc7c8e55996d630536e0f2dae7.jpg,OYO 1217 Candi Residence,Hotel,Ngaliyan Semarang,H7. Jl. Srikaton Utara. Purwoyoso. Kec. Ngaliyan. Kota Semarang. Semarang. 50184. Indonesia,3.0,92668,121112,-6.9931934,110.3624566
237,https://s-light.tiket.photos/t/01E25EBZS3W0FY9GTG6C42E1SE/t_htl-dskt/tix-hotel/images-web/2022/03/04/2166dacc-73bc-4db5-a33a-dc56391090bf-1646384123274-6fb5bae875a58fd22c7e532ca86b0a14.jpg,RedDoorz near Siliwangi Semarang,Guest House,Semarang Utara Semarang,Jl. Kokrosono No.64. Bulu Lor. Kec. Semarang Utara. Kota Semarang. Jawa Tengah 50179. Indonesia,4.1,137456,194040,-6.971196,110.402016
238,https://s-light.tiket.photos/t/01E25EBZS3W0FY9GTG6C42E1SE/t_htl-dskt/tix-hotel/images-web/2020/11/04/b79a9a4d-499e-4f83-b293-9e0ebb2e730d-1604487532542-ba3e467232ac7f864ed9c299ff35f945.jpg,Narra Hotel Bandara Semarang,Hotel,Semarang Barat Semarang,Royal Square. Jl. Marina Raya No.15-16. Kota Semarang. Jawa Tengah,4.0,161886,348250,-6.957459,110.392034
239,https://s-light.tiket.photos/t/01E25EBZS3W0FY9GTG6C42E1SE/t_htl-dskt/tix-hotel/images-web/2021/11/05/a19b624f-40cd-4199-81cc-4e81ea972769-1636102527857-9d0d48877577e03c79f8350ac31ae2a7.jpg,OYO 1808 New Bandungan Indah,Hotel,Bandungan Semarang,Jl. Veteran No. 3. Krajan. Jetis. Bandungan. Semarang. Jawa Tengah. Semarang,3.7,81586,280001,-7.222073,110.36968
240,https://s-light.tiket.photos/t/01E25EBZS3W0FY9GTG6C42E1SE/t_htl-dskt/tix-hotel/images-web/2020/11/01/d5d75f08-baa0-4abd-877a-900ebc9a2b88-1604172969667-bb831412240b2a430413bbb117b10a70.jpg,Gapura Residence Semarang,Hotel,Semarang Barat Semarang,Jl Anjasmoro Raya No 74 Semarang,4.1,174432,340032,-6.975249,110.390755
241,https://s-light.tiket.photos/t/01E25EBZS3W0FY9GTG6C42E1SE/t_htl-dskt/tix-hotel/images-web/2020/10/31/9bfcaae6-92af-4a35-b3bc-5b5d2783e0a9-1604140194758-5ee67c57a8660f78f5c1e74ceb1f3885.jpg,Just Inn Semarang,Guest House,Semarang Timur Semarang,Jl. Kartini II No.15. Karangturi. Kec. Semarang Tim.. Kota Semarang. Jawa Tengah 50124. Indonesia,3.4,168887,288888,-6.986088,110.432875
242,https://s-light.tiket.photos/t/01E25EBZS3W0FY9GTG6C42E1SE/t_htl-dskt/tix-hotel/images-web/2021/11/13/2408bf30-0d19-40ce-9958-73d88968465c-1636800052473-e6edc684264bceaee321e59dc0c036e3.jpg,OYO 908 Taman Wisata Kopeng,Hotel,Getasan Semarang,Jl. Raya Salatiga - Magelang KM. 15. Kopeng. Getasan. Dukuh. Kopeng. Getasan. Semarang. Jawa Tengah 50774. Indonesia. Salatiga,3.9,157497,375000,-7.398416,110.419317
243,https://s-light.tiket.photos/t/01E25EBZS3W0FY9GTG6C42E1SE/t_htl-dskt/tix-hotel/images-web/2021/05/24/65813442-4fb5-4558-bf9d-4687a663f25d-1621846820602-580dcf57800e507cce871ba2151ad39c.jpg,Sarila Hotel Sukoharjo,Hotel,Sukoharjo,Jalan Jendral Sudirman No. 228. Sukoharjo. Gabusan. Jombor. Bendosari. Sukoharjo Regency. Central Java,3.5,188100,247500,-7.658494,110.834794
244,https://s-light.tiket.photos/t/01E25EBZS3W0FY9GTG6C42E1SE/t_htl-dskt/tix-hotel/images-web/2022/03/15/96223dfb-3584-4f4f-846d-57840fda0dcd-1647314136184-f0b0172d17d4fbcc9302116d8e9afc91.jpg,THE VILLA SOLO BARU,Hotel,Sukoharjo,Jl. Ir. Soekarno Kel. RT.06/RW.07. Dusun I. Langenharjo. Kec. Grogol. Kabupaten Sukoharjo. Jawa Tengah 57552,4.2,200449,226099,-7.610113,110.815985
245,https://s-light.tiket.photos/t/01E25EBZS3W0FY9GTG6C42E1SE/t_htl-dskt/tix-hotel/images-web/2021/04/26/f7bfb442-cf3f-4cb9-9bad-1ec9386ac4ef-1619421928556-22cd9356bec82f7a073981216a43d55a.jpg,RedDoorz Plus near Solo Baru,Hotel,Sukoharjo,Jl. Pelangi Raya No.Kav 8. Dusun I. Kadilangu. Kec. Baki. Kabupaten Sukoharjo. Jawa Tengah 57556,4.1,157106,304640,-7.603478,110.792053
246,https://s-light.tiket.photos/t/01E25EBZS3W0FY9GTG6C42E1SE/t_htl-dskt/tix-hotel/images-web/2022/06/12/e1d1a577-c9c9-4c10-9043-95c270d513bc-1655014523929-61959a63d8929bf619d085b5c87f6045.jpg,Nestagar Hotel Solo,Hotel,Sukoharjo,Jl. Telukan-Parangjoro 168. Sudimoro. RT 03/10. Sawah. Parangjoro. Kec. Grogol. Sukoharjo. Jawa Tengah,4.5,201000,603000,-7.62646,110.81757
247,https://s-light.tiket.photos/t/01E25EBZS3W0FY9GTG6C42E1SE/t_htl-dskt/tix-hotel/images-web/2021/12/16/9487e3d0-e85d-46d5-a4a9-5821a08b52ad-1639596654844-d4d92b23358b5438f7ac3e9bc67acd19.jpg,SPOT ON 3199 GALAXY HOUSE 234 Syariah,Hotel,Sukoharjo Sukoharjo,22C. Gereja Hati Kudus Yesus. Jalan Brigjend. Slamet Riyadi. Gayam. Sukoharjo. Solo,2.6,63694,81090,-7.6838,110.843432
248,https://s-light.tiket.photos/t/01E25EBZS3W0FY9GTG6C42E1SE/t_htl-dskt/tix-hotel/images-web/2021/03/12/8559af19-e425-41ed-b53a-34a2fa6b0490-1615559981887-d8a420a07b660419041bebb4886dedc0.jpg,OYO 2258 Santana Syariah Guest House,Hotel,Sukoharjo,Jl. Pagelaran No.63. Dusun II. Kartasura. Solo,3.8,98745,140039,-7.5552103,110.7387171
249,https://s-light.tiket.photos/t/01E25EBZS3W0FY9GTG6C42E1SE/t_htl-dskt/tix-hotel/images-web/2021/03/12/34317df3-91c3-4cfc-8105-6360d906d487-1615560676864-46915292a818d88ab2ebd54fe1c19f9a.jpg,SPOT ON 2821 Griya Kawula Syariah,Hotel,Sukoharjo,Jl. Parang Barong No.1. Dusun IV. Makamhaji. Kec. Kartasura. Solo,3.1,69945,151888,-7.564613,110.768993
250,https://s-light.tiket.photos/t/01E25EBZS3W0FY9GTG6C42E1SE/t_htl-dskt/tix-hotel/images-web/2022/07/25/3015aaa6-db9b-4aec-91af-0e21c9dd6991-1658721921385-0cc1ce21a2fb0e87c868bfdadadeddcc.jpg,Assalaam Syariah Hotel Solo,Hotel,Sukoharjo,jL Garuda Mas . Pabelan. Kartasura ( UMS Ke Utara ),3.7,190437,480000,-7.554377,110.769802
