251,https://s-light.tiket.photos/t/01E25EBZS3W0FY9GTG6C42E1SE/t_htl-dskt/tix-hotel/images-web/2021/03/12/a646ae2c-8ba0-46a1-8dbb-9973bdad0bb6-1615548909527-f6595ec9b277943e76320f183a481cad.jpg,OYO 1240 Hotel Pantai Jaya,Hotel,Pangandaran Pangandaran,Jl. Kidang Pananjung No.65. Pangandaran. Jawa Barat 46396. Indonesia. Pangandaran,3.5,147890,385000,-7.695668,108.658078
252,https://s-light.tiket.photos/t/01E25EBZS3W0FY9GTG6C42E1SE/t_htl-dskt/tix-hotel/images-web/2020/10/31/0e3361c8-1af9-40ee-b6ff-e5023dfa4395-1604119507166-07ffaf5c03e191cfcfabbbdecc2e46c8.jpg,Rose Inn Pangandaran,Hotel,Pangandaran Pangandaran,Jl. Kidang Pananjung No.119. Pangandaran. Kec. Pangandaran. Pangandaran. Jawa Barat,3.7,164623,329245,-7.694772,108.657879
253,https://s-light.tiket.photos/t/01E25EBZS3W0FY9GTG6C42E1SE/t_htl-dskt/tix-hotel/images-web/2021/03/12/a75f6792-b31e-448b-a754-68ae4fb6fbcb-1615544734519-f47d306dfff74d97dfc8a004780268c8.jpg,OYO 1525 Benson Hotel,Hotel,Pangandaran Pangandaran,Wonoharjo. Pangandaran. Ciamis Regency. West Java. Pangandaran,3.6,155681,554430,-7.684519,108.621971
254,https://s-light.tiket.photos/t/01E25EBZS3W0FY9GTG6C42E1SE/t_htl-dskt/tix-hotel/images-web/2021/06/10/c11dc1c0-c751-4c78-bb84-17ea1f5baa8d-1623321912517-c8103df5601c654724a7cbc0d28a5589.jpg,RedDoorz Syariah near Sunrise Park Pangandaran,Hotel,Pangandaran Pangandaran,Jl. Pengadilan Lama No.45. Pangandaran. Kec. Pangandaran. Pangandaran. Jawa Barat 46396. Indonesia,3.7,152977,223650,-7.692968,108.662478
255,https://s-light.tiket.photos/t/01E25EBZS3W0FY9GTG6C42E1SE/t_htl-dskt/tix-hotel/images-web/2021/12/10/64ff9bb1-3717-4c29-835a-7255b4206c18-1639131921420-449031a0612af16c21a67abaa72c674d.jpg,Pondok Sundawa 2 Pangandaran RedPartner,Hotel,Sidamulih Pangandaran,Jl. Pamugaran No.10. Cikembulan. Kec. Pangandaran. Kab. Pangandaran. Jawa Barat 46365. Indonesia,3.7,98325,228600,-7.684428,108.621111
256,https://s-light.tiket.photos/t/01E25EBZS3W0FY9GTG6C42E1SE/t_htl-dskt/tix-hotel/images-web/2021/09/30/f9ca09e7-64e6-4a27-aeb3-183ac78d5027-1632986119851-69a819091c7ff93de360854a44497664.jpg,Yokima Beach Hotel,Properti,Pangandaran Pangandaran,Jl. Kidang Pananjung 262. Pantai Timur Pangandaran. Pangandaran. Kabupaten Pangandaran. Jawa Barat,4.5,267500,312500,-7.703406,108.658235
257,https://s-light.tiket.photos/t/01E25EBZS3W0FY9GTG6C42E1SE/t_htl-dskt/tix-hotel/images-web/2022/06/20/24249f1d-7c34-4374-8832-cc77e0b79651-1655691922641-0adff4c19794e702e2659aec9ec2415a.jpg,AHLEN Pangandaran Hotel & Resto,Guest House,Pangandaran Pangandaran,Jl. Prapat No. 503. Pangandaran. Kec. Pangandaran. Kab. Pangandaran. Jawa Barat,4.5,250000,2250000,-7.69167,108.65877
258,https://s-light.tiket.photos/t/01E25EBZS3W0FY9GTG6C42E1SE/t_htl-dskt/tix-hotel/images-web/2022/04/20/4a2b09bd-66e5-47cf-b606-368d9bc68908-1650426922453-07b6a263f607ffd3204ee2e9a04f69c5.jpg,RedDoorz Plus @ Hotel Sofia Pangandaran,Hotel,Pangandaran Pangandaran,Jl. Sumardi No.05. Pangandaran. Kec. Pangandaran. Kab. Pangandaran. Jawa Barat 46396. Indonesia,3.0,131043,357210,-7.695426,108.654936
259,https://s-light.tiket.photos/t/01E25EBZS3W0FY9GTG6C42E1SE/t_htl-dskt/tix-hotel/images-web/2021/07/14/d2f7fc3b-052d-4ec0-8506-584c8ecf3031-1626254718442-b05c9ad318d4ba0e447bed27ecd2ef41.jpg,RedDoorz near Pantai Barat Pangandaran 2,Hotel,Pangandaran Pangandaran,Jl. Kidang Pananjung No.168. Pangandaran. Kec. Pangandaran. Pangandaran. Jawa Barat 46396. Indonesia,4.4,168977,281138,-7.698394,108.657624
260,https://s-light.tiket.photos/t/01E25EBZS3W0FY9GTG6C42E1SE/t_htl-dskt/tix-hotel/images-web/2022/01/14/bbbeb54e-193a-454e-ba46-d7d945277de8-1642144528691-c422752ac9a0c114ac5f528437ed53ca.jpg,Nayyla Homestay,Homestay,Cijulang Pangandaran,Jalan Pantai Indah Legok Pari Batukaras Cijulang Pangandaran. 46394,3.0,192780,203000,-7.742987,108.478167
261,https://s-light.tiket.photos/t/01E25EBZS3W0FY9GTG6C42E1SE/t_htl-dskt/tix-hotel/images-web/2020/09/10/8cf82704-17e8-41c0-ad06-5f089d903f06-1599698370783-02025309e211539e8b7624f347f91d8b.jpg,Panorama A La Plage Guest House,Guest House,Pangandaran Pangandaran,Jalan Pamugaran No. 1. Boulevard. Pantai Barat,4.0,130000,400001,-7.6875200271606445,108.64723205566406
262,https://s-light.tiket.photos/t/01E25EBZS3W0FY9GTG6C42E1SE/t_htl-dskt/tix-hotel/images-web/2022/01/24/a34abe4a-2ebb-4340-80c6-c18f12b76b78-1642994716501-b6608a058969a861850be4619d39200b.jpg,Sadewa Homestay Batukaras,Homestay,Cijulang Pangandaran,Blok Jumleng. RT 037/RW 004. Batukaras. Cijulang. Kabupaten Ciamis. Jawa Barat,4.8,150000,150000,-7.749939,108.497445
263,https://s-light.tiket.photos/t/01E25EBZS3W0FY9GTG6C42E1SE/t_htl-dskt/tix-hotel/images-web/2021/12/17/adfa7eac-9910-4767-971d-e847c4e65b62-1639735515946-3546db68bb863ee99b434c0baed29a34.jpg,Pondok Herrlanda,Hotel,Pangandaran Pangandaran,Jl. Bulak Laut No.11. Pangandaran. Kec. Pangandaran. Kab. Pangandaran. Jawa Barat 46396. Indonesia,3.6,141554,357210,-7.693571,108.654128
264,https://s-light.tiket.photos/t/01E25EBZS3W0FY9GTG6C42E1SE/t_htl-dskt/tix-hotel/images-web/2020/12/05/959c4705-1649-42bb-abfa-9928f3f3be86-1607112017573-91e174500fbdd3435526f4bc114e5d11.jpg,Ragha Homestay,Vacation Home,Batukaras Pangandaran,Jl. Sanghiangkalang. Batukaras. Cijulang. Pangandaran. Jawa Barat,4.8,1000000,1000000,-7.743780136108398,108.49565887451172
265,https://s-light.tiket.photos/t/01E25EBZS3W0FY9GTG6C42E1SE/t_htl-dskt/tix-hotel/images-web/2020/10/31/6a188c56-8c70-48c5-8991-fba503c12d1e-1604134256060-b8423686e19d75e199255f5bbad9785c.jpg,RedDoorz near Citimall Sukabumi,Hotel,Cikole Sukabumi,Jl. A. Yani No.283. Kebonjati. Kec. Cikole. Kota Sukabumi. Jawa Barat 43111. Indonesia,3.8,216931,270722,-6.923169,106.933227
266,https://s-light.tiket.photos/t/01E25EBZS3W0FY9GTG6C42E1SE/t_htl-dskt/tix-hotel/images-web/2021/12/06/091c9128-f243-458d-8bbd-c3289f13b203-1638774323588-c549f5edfd9472955c079e6a10a2c520.jpg,Villa Anyelir Yustik RedPartner,Hotel,Sukaraja Sukabumi,Jl. Pd. Halimun Jl. Selabintana No.Km. 7. Perbawati. Kec. Sukabumi. Kabupaten Sukabumi. Jawa Barat 43151,3.6,175500,234000,-6.874099,106.944466
267,https://s-light.tiket.photos/t/01E25EBZS3W0FY9GTG6C42E1SE/t_htl-dskt/tix-hotel/images-web/2021/12/18/d3fb2e34-016e-46b8-a038-15ae3ae1e85b-1639776655457-61aeb0211c7d265bb52780f24cbe87b7.jpg,RedDoorz near Pantai Ujung Genteng,Hotel,Ciracap Sukabumi,'Jl. Ciburial. Ujung Genteng. Ciracap' 'Jawa Barat',4.0,110540,211470,-7.355040073394775,106.40411376953125
268,https://s-light.tiket.photos/t/01E25EBZS3W0FY9GTG6C42E1SE/t_htl-dskt/tix-hotel/images-web/2021/03/12/0d3c1a86-7a82-4bf7-8d4d-5f0c9913528a-1615563985886-6d109181d7ee37c27d2e5d9725185281.jpg,RedDoorz Syariah near Wisata Situ Gunung Sukabumi,Hotel,Sukabumi Sukabumi,Jl. Kadudampit KM.6 No.58. Gede Pangrango. Kec. Cisaat. Sukabumi Regency. Jawa Barat 43153. Indonesia,3.8,95226,167670,-6.85992,106.919771
269,https://s-light.tiket.photos/t/01E25EBZS3W0FY9GTG6C42E1SE/t_htl-dskt/tix-hotel/images-web/2021/03/12/134e9422-3a1d-48bb-9cdb-2d37a89bf6be-1615560671300-bc52c2f04a434cee3fb9e9eabae8c202.jpg,SPOT ON 2750 Ayu Homestay Syariah,Hotel,Cikembar Sukabumi,39. Kamp Sampora .RT 2 RW 5. Desa Bojong Raharja. Kec Sikembar. Kab Sukabumi No. 39. Kode Pos 43161. Sukabumi,3.4,52030,74800,-6.979612,106.830756
270,https://s-light.tiket.photos/t/01E25EBZS3W0FY9GTG6C42E1SE/t_htl-dskt/tix-hotel/images-web/2021/11/29/e30676a3-1581-454c-8e9b-d88ad5dbcc93-1638176125211-485f54d729d82ca0959ec1e1e90a0f44.jpg,RedDoorz Plus @ Grand Yustik Sukabumi,Resort,Sukaraja Sukabumi,Jalan Selabintana KM 7. Sundajaya Girang. Kec. Sukabumi. Sukabumi. Jawa Barat 43151. Indonesia,4.0,149523,224285,-6.868958,106.951604
271,https://s-light.tiket.photos/t/01E25EBZS3W0FY9GTG6C42E1SE/t_htl-dskt/tix-hotel/images-web/2020/11/01/e39112f7-846b-47d5-9881-75114baa1739-1604177140584-55c1ab55dbecfc9e631f0475a2f4904a.jpg,Bittersweet,Guest House,Cibadak Sukabumi,Jl. Perintis Kemerdekaan. Gg Irlin No.5 (belakang food court Omah Konco),3.6,156800,176400,-6.894072,106.785118
272,https://s-light.tiket.photos/t/01E25EBZS3W0FY9GTG6C42E1SE/t_htl-dskt/tix-hotel/images-web/2022/06/21/caa565c8-e941-4c7c-9bde-6a103ff00010-1655783127133-06540e3ecc61541ea44e6dfc19b7aa1e.jpg,Villa Balekambang Ciletuh,Guest House,Ciemas Sukabumi,Jalan Cimarinjung. Ciwaru. Ciemas. Ciwaru. Kec. Ciemas. Kabupaten Sukabumi. Jawa Barat 43177,Belum ada rating,201000,1607000,-7.175108,106.467323
273,https://s-light.tiket.photos/t/01E25EBZS3W0FY9GTG6C42E1SE/t_htl-dskt/tix-hotel/images-web/2021/07/26/6f6f180d-ddd8-4515-8e22-d098abddfbf6-1627282516799-4ac9b166b287e0cf0ffcd9444ece0d1d.jpg,RedDoorz near Pantai Citepus Pelabuhan Ratu,Hotel,Cisolok Sukabumi,Citepus Indah Hotel. Citepus. Pelabuhanratu. Sukabumi. West Java 43364. Indonesia,3.8,141383,184275,-6.970244,106.52203
274,https://s-light.tiket.photos/t/01E25EBZS3W0FY9GTG6C42E1SE/t_htl-dskt/tix-hotel/images-web/2022/01/03/495d763f-3554-4ed5-af53-de678d12c68e-1641156639763-394b3ff831beb7f808f13e99b9f3575e.jpg,Villa Anyelir Yustik,Hotel,Sukaraja Sukabumi,No.Km Jl. Pd. Halimun,2.8,110540,166434,-6.874102193012334,106.94447798369775
275,https://s-light.tiket.photos/t/01E25EBZS3W0FY9GTG6C42E1SE/t_htl-dskt/tix-hotel/images-web/2021/03/12/0d3c1a86-7a82-4bf7-8d4d-5f0c9913528a-1615563985886-6d109181d7ee37c27d2e5d9725185281.jpg,RedDoorz Syariah near Wisata Situ Gunung Sukabumi,Hotel,Sukabumi Sukabumi,Jl. Kadudampit KM.6 No.58. Gede Pangrango. Kec. Cisaat. Sukabumi Regency. Jawa Barat 43153. Indonesia,3.8,95226,167670,-6.85992,106.919771
276,https://s-light.tiket.photos/t/01E25EBZS3W0FY9GTG6C42E1SE/t_htl-dskt/tix-hotel/images-web/2021/12/06/091c9128-f243-458d-8bbd-c3289f13b203-1638774323588-c549f5edfd9472955c079e6a10a2c520.jpg,Villa Anyelir Yustik RedPartner,Hotel,Sukaraja Sukabumi,Jl. Pd. Halimun Jl. Selabintana No.Km. 7. Perbawati. Kec. Sukabumi. Kabupaten Sukabumi. Jawa Barat 43151,3.6,175500,234000,-6.874099,106.944466
277,https://s-light.tiket.photos/t/01E25EBZS3W0FY9GTG6C42E1SE/t_htl-dskt/tix-hotel/images-web/2022/01/03/495d763f-3554-4ed5-af53-de678d12c68e-1641156639763-394b3ff831beb7f808f13e99b9f3575e.jpg,Villa Anyelir Yustik,Hotel,Sukaraja Sukabumi,No.Km Jl. Pd. Halimun,2.8,110540,166434,-6.874102193012334,106.94447798369775
278,https://s-light.tiket.photos/t/01E25EBZS3W0FY9GTG6C42E1SE/t_htl-dskt/tix-hotel/images-web/2021/11/29/e30676a3-1581-454c-8e9b-d88ad5dbcc93-1638176125211-485f54d729d82ca0959ec1e1e90a0f44.jpg,RedDoorz Plus @ Grand Yustik Sukabumi,Resort,Sukaraja Sukabumi,Jalan Selabintana KM 7. Sundajaya Girang. Kec. Sukabumi. Sukabumi. Jawa Barat 43151. Indonesia,4.0,149523,224285,-6.868958,106.951604
279,https://s-light.tiket.photos/t/01E25EBZS3W0FY9GTG6C42E1SE/t_htl-dskt/tix-hotel/images-web/2020/10/31/90417440-5637-4436-a850-959689ba8e0c-1604123319113-43012e584e9676ce577be255a8ba308b.jpg,RedDoorz near Alun-Alun Kota Sukabumi,Guest House,Cikole Sukabumi,Jl. Kenari No.16 - 18,3.4,282555,282555,-6.914893,106.930189
280,https://s-light.tiket.photos/t/01E25EBZS3W0FY9GTG6C42E1SE/t_htl-dskt/tix-hotel/images-web/2021/08/10/f67dcbd9-f469-4bf2-953a-cf0e70cdc42c-1628558543273-5c04e8e6c1e02b51b7d939ebeccb85cf.jpg,Hotel Taman Sari,Hotel,Cikole Sukabumi,Jalan Surya Kencana No. 17. Sukabumi,4.2,896738,1695644,-6.9116649,106.9348188
281,https://s-light.tiket.photos/t/01E25EBZS3W0FY9GTG6C42E1SE/t_htl-dskt/tix-hotel/images-web/2020/10/31/14d9d6c9-67d1-4535-845d-83c7927ad217-1604142134460-8a238123fc3ec46676fd9b43d1b329a6.jpg,RedDoorz @ Jalan R.E. Martadinata Sukabumi,Hotel,Cikole Sukabumi,Jl. R. E. Martadinata No.55. Kebonjati. Kec. Cikole. Kota Sukabumi. Jawa Barat 43113. Indonesia,4.0,204193,355000,-6.920318,106.933818
282,https://s-light.tiket.photos/t/01E25EBZS3W0FY9GTG6C42E1SE/t_htl-dskt/tix-hotel/images-web/2021/10/28/ee35f566-ce0a-49ad-88e8-41d000360467-1635355103282-292e0b92724a3a3c7264dd1a321dfa91.jpg,OYO 90405 Penginapan Sasti Kuningan,Hotel,Cilimus Kuningan,Jalan raya bandorasa no 45 kecamatan cilimus kabupaten kuningan,3.4,74479,230903,-6.888835,108.493861
283,https://s-light.tiket.photos/t/01E25EBZS3W0FY9GTG6C42E1SE/t_htl-dskt/tix-hotel/images-web/2021/10/17/1b540b62-9d2d-48ff-867b-e2a28a3fecdf-1634471437774-5d9afd88fe3c529f3e255bb847a032c2.jpg,Capital O 90530  Ayong M Linggarjati Hotel,Hotel,Cilimus Kuningan,Jl Raya Linggarjati No. 04. Kuningan. Jawa barat. Kuningan,3.9,100453,146535,-6.883624,108.481478
284,https://s-light.tiket.photos/t/01E25EBZS3W0FY9GTG6C42E1SE/t_htl-dskt/tix-hotel/images-web/2021/12/06/c4a8947d-78d2-45f5-a808-653f2598d8fd-1638765054044-18b814174aefc34a7b9cf16a412c0f9a.jpg,OYO 113676 Wisma Al-fahmi Syariah,Hotel,Jalaksana Kuningan,no 83. jln raya manis kidul jawa Barat. Indonesia. Kuningan,3.9,76499,240385,-6.909168,108.483151
285,https://s-light.tiket.photos/t/01E25EBZS3W0FY9GTG6C42E1SE/t_htl-dskt/tix-hotel/images-web/2022/08/12/1c4a647f-c086-4cc9-a826-516fa3e730ca-1660287647814-bd8decc6154eec35ba8d4c78e78edcdf.jpg,Hotel/Villa Anugerah,Hotel,Cilimus Kuningan,Linggasana. Cilimus. Kuningan Regency. West Java 45556,3.4,177998,548826,-6.884449,108.477382
286,https://s-light.tiket.photos/t/01E25EBZS3W0FY9GTG6C42E1SE/t_htl-dskt/tix-hotel/images-web/2021/10/28/6cd7e303-3c50-40b0-a5d8-f1e2e9f91a8d-1635359126259-e26a452aff3ffb225a7c6225ab88f9c3.jpg,OYO 90543 An-nur Guest House Syariah,Hotel,Jalaksana Kuningan,rt 4. Maniskidul. Jawa Barat.  Indonesia. Kuningan,4.6,87947,138076,-6.909888,108.488463
287,https://s-light.tiket.photos/t/01E25EBZS3W0FY9GTG6C42E1SE/t_htl-dskt/tix-hotel/images-web/2021/03/12/9fd38a2a-cffe-4781-8fdd-1f722e467871-1615549540955-749a74762458b8578320683df4e7cb49.jpg,RedDoorz Plus near Alun Alun Kuningan,Hotel,Kuningan Kuningan,Jl. Pramuka No.96. Purwawinangun. Kec. Kuningan. Kabupaten Kuningan. Jawa Barat 45512. Indonesia,3.4,221130,221130,-6.974514,108.478263
288,https://s-light.tiket.photos/t/01E25EBZS3W0FY9GTG6C42E1SE/t_htl-dskt/tix-hotel/images-web/2022/07/14/ebd39ed4-45e8-4338-84c0-7c0e12628955-1657770927185-459cdaa4a93806321f023660f8ab5e61.jpg,Villa Mawar Adinda Kuningan Syariah RedPartner,Hotel,Lebakwangi Kuningan,Jl. Raya Cinagara No. 11. Cinagara. Kec. Lebakwangi. Kabupaten Kuningan. Jawa Barat 45574. Indonesia,Belum ada rating,113024,352044,-7.020537,108.58353
289,https://s-light.tiket.photos/t/01E25EBZS3W0FY9GTG6C42E1SE/t_htl-dskt/tix-hotel/images-web/2021/10/24/dfa6015e-1ca5-4afb-8ea6-2e2165c2dcfc-1635041433062-ae679b146acce85dc44d9fe6a637caec.jpg,Vaccinated Staff - OYO II3676 Wisma Al-fahmi Syariah,Hotel,Jalaksana Kuningan,no 83. jln raya manis kidul jawa Barat,5.0,90666,159998,-6.91579008102417,108.48780822753906
290,https://s-light.tiket.photos/t/01E25EBZS3W0FY9GTG6C42E1SE/t_htl-dskt/tix-hotel/images-web/2022/01/05/d71969ad-dd63-4960-b386-bade3284f07e-1641381918831-7ab742f5f76200ad16f44ccbc89bc5bb.jpg,Saung Aligo RedPartner,Guest House,Cigugur Kuningan,Jl. Cileuleuy No.154. Cileuleuy. Kec. Cigugur. Kabupaten Kuningan. Jawa Barat 45552. Indonesia,3.4,102664,222300,-6.981835,108.45472
291,https://s-light.tiket.photos/t/01E25EBZS3W0FY9GTG6C42E1SE/t_htl-dskt/tix-hotel/images-web/2022/01/13/b12621e4-9ad8-42d5-b52a-ec7dbcdfe8de-1642050323030-e98a8dbc441fd29260b0127f2d572a80.jpg,Penginapan Al Firdausi Syariah RedPartner,Hostel,Jalaksana Kuningan,Maniskidul. Jalaksana RT/RW 005/001. Maniskidul. Kec. Jalaksana. Kabupaten Kuningan. Jawa Barat 45554. Indonesia,3.9,326250,400050,-6.907901,108.482877
292,https://s-light.tiket.photos/t/01E25EBZS3W0FY9GTG6C42E1SE/t_htl-dskt/tix-hotel/images-web/2020/10/31/a3e8ec9d-6def-4cde-b9ed-f892192a6138-1604120322904-7a11b7cb67f641f2114c82deb710742a.jpg,Hotel Familie Ayu Garut Kota,Guest House,Garut Kota Garut,Jl. Ranggalawe No.66. Regol. Garut Kota,4.0,163525,305653,-7.21873,107.905453
293,https://s-light.tiket.photos/t/01E25EBZS3W0FY9GTG6C42E1SE/t_htl-dskt/tix-hotel/images-web/2021/03/12/5eb48158-5690-4448-b3b5-9713d224f7b4-1615561694018-4bfece44e95cecf1a64da19ae9711919.jpg,RedDoorz near Alun-Alun Garut,Guest House,Garut Kota Garut,Jl. Veteran No. 14 Pakuwon. Garut. Garut Regency. West Java. Indonesia,3.9,213570,244283,-7.21505,107.904468
294,https://s-light.tiket.photos/t/01E25EBZS3W0FY9GTG6C42E1SE/t_htl-dskt/tix-hotel/images-web/2022/07/20/9561a323-dbeb-4600-97d7-44691254b733-1658330715998-8aa2eb366f58400421c5dc1ba2239d00.jpg,Wisma Yasmin Syariah,Guest House,Garut Kota Garut,Jl. Pasundan No. 39 Kelurahan Kota Kulon. Kecamatan Garut kota. Kabupaten Gatut. Propinsi Jawa Barat.,5.0,250000,450000,-7.222924,107.905246
295,https://s-light.tiket.photos/t/01E25EBZS3W0FY9GTG6C42E1SE/t_htl-dskt/tix-hotel/images-web/2022/08/19/f9a85ae8-3a49-422c-b1ba-395cfef660ab-1660879540164-17a8fe917f71b126ebdcdc3327d08ad5.jpg,Sudirman Quest Syariah,Guest House,Garut Kota Garut,Jl. Jendral Sudirman No.4c. Kota Kulon. Kec. Garut Kota. Kabupaten Garut. Jawa Barat,4.0,135000,135000,-7.227002,107.913794
296,https://s-light.tiket.photos/t/01E25EBZS3W0FY9GTG6C42E1SE/t_htl-dskt/tix-hotel/images-web/2020/11/18/d2b266f7-c8c7-4ae9-8efc-f2afbc921fcf-1605676880914-43661a8291918c49a4fd02e8cd3384cb.jpg,favehotel Cimanuk,Hotel,Tarogong Kidul Garut,Jalan Cimanuk No. 338,4.0,609000,1365000,-7.20334,107.89
297,https://s-light.tiket.photos/t/01E25EBZS3W0FY9GTG6C42E1SE/t_htl-dskt/tix-hotel/images-web/2021/03/12/4810596c-a610-49d7-8743-b35fc97cb94c-1615541753363-a1ba8e652a4b68872249f9f456674ac2.jpg,RedDoorz @ Pataruman Garut,Hotel,Tarogong Kidul Garut,Jl. Pataruman. Pataruman. Kec. Tarogong Kidul. Kabupaten Garut. Jawa Barat,3.6,203175,278775,-7.201174,107.893263
298,https://s-light.tiket.photos/t/01E25EBZS3W0FY9GTG6C42E1SE/t_htl-dskt/tix-hotel/images-web/2022/03/05/5e76df45-5bf3-4698-83ea-2fde0353f2ab-1646490974411-51e8e68f6e0e1f6314e887033d79840d.jpg,Hotel Tiara,Hotel,Tarogong Kidul Garut,Jl. Cimanuk No.311 Pataruman,3.4,211114,633341,-7.20316151691964,107.8901570179396
299,https://s-light.tiket.photos/t/01E25EBZS3W0FY9GTG6C42E1SE/t_htl-dskt/tix-hotel/images-web/2021/03/12/bdde6338-b1f9-4fa7-ae44-4eeab8c3c505-1615561944078-5cdcc826471fd8746b5127fc01b3f439.jpg,OYO 3340 Wisma Etiga,Hotel,Tarogong Kidul Garut,Jl Merdeka No. 115 Kel Haurpanggung Kec Tarogong Kidul Garut. Garut,3.2,121609,205411,-7.200246,107.902736
300,https://s-light.tiket.photos/t/01E25EBZS3W0FY9GTG6C42E1SE/t_htl-dskt/tix-hotel/images-web/2021/05/17/13a607fc-c546-4f22-82e4-55ff6b23f732-1621266314167-6021c53c66eb2647b3ae97c29c5664ac.jpg,Ultima Syariah Cipanas Garut RedPartner,Hotel,Tarogong Kaler Garut,Jl. Raya Cipanas No.107. Rancabango. Kec. Tarogong Kaler. Kabupaten Garut. Jawa Barat 44151. Indonesia,4.1,176000,303408,-7.178292,107.871075
301,https://s-light.tiket.photos/t/01E25EBZS3W0FY9GTG6C42E1SE/t_htl-dskt/tix-hotel/images-web/2022/07/21/03eb96ac-627c-43ed-be90-cad6ab9ffdf5-1658373931227-0732e1fef78f5df58b959ff9b3287b59.jpg,Container Hotel,Hotel,Tarogong Kidul Garut,Jl. RSU Dr Slamet. Sukakarya. Tarogong Kidul. Garut,4.8,260000,260000,-7.220214,107.898537
302,https://s-light.tiket.photos/t/01E25EBZS3W0FY9GTG6C42E1SE/t_htl-dskt/tix-hotel/images-web/2021/03/12/8aea3486-f2ac-42d5-87ed-7809f1e3c309-1615563407134-511bc17ddb47482b05d3a049832dc573.jpg,RedDoorz Resort near Darajat Garut,Hotel,Pasirwangi Garut,Sirnajaya. Padasuka. Pasirwangi. Kabupaten Garut. Jawa Barat 44161. Indonesia,4.2,205920,234828,-7.220816,107.812226
303,https://s-light.tiket.photos/t/01E25EBZS3W0FY9GTG6C42E1SE/t_htl-dskt/tix-hotel/images-web/2021/03/12/eb22d101-cd99-4160-80d7-782dafb8daeb-1615543522462-8de0de9b7027c392895af46e6d21168e.jpg,RedDoorz Plus @ Otista Garut,Hotel,Tarogong Kidul Garut,Pananjung. Tarogong Kidul. Jl. Otista No.234. Sukagalih. Kec. Tarogong Kaler. Kabupaten Garut. Jawa Barat,3.5,205061,502164,-7.193785,107.886443
304,https://s-light.tiket.photos/t/01E25EBZS3W0FY9GTG6C42E1SE/t_htl-dskt/tix-hotel/images-web/2021/03/12/d4cad790-b9e0-4b6b-bfe0-c25ce32a5d99-1615563510173-a16c798d4781cfa6e9aa03f5ea8df198.jpg,Wisma Vandera Syariah Garut RedPartner,Hotel,Karangpawitan Garut,Jl. Jendral Sudirman No.27. Sucikaler. Kec. Karangpawitan. Kabupaten Garut. Jawa Barat 44182. Indonesia,3.4,194578,310500,-7.212829,107.918856
305,https://s-light.tiket.photos/t/01E25EBZS3W0FY9GTG6C42E1SE/t_htl-dskt/tix-hotel/images-web/2021/03/12/4810596c-a610-49d7-8743-b35fc97cb94c-1615541753363-a1ba8e652a4b68872249f9f456674ac2.jpg,RedDoorz @ Pataruman Garut,Hotel,Tarogong Kidul Garut,Jl. Pataruman. Pataruman. Kec. Tarogong Kidul. Kabupaten Garut. Jawa Barat,3.6,203175,278775,-7.201174,107.893263
306,https://s-light.tiket.photos/t/01E25EBZS3W0FY9GTG6C42E1SE/t_htl-dskt/tix-hotel/images-web/2022/05/09/562638d6-8af4-449c-a0e9-b4d8ed2b941c-1652103317312-e4b7b896a30699942c3b67965e12925c.jpg,G double L,Homestay,Caringin Garut,Ranca buaya pantai cidora,Belum ada rating,268000,268000,-7.524094,107.477292
307,https://s-light.tiket.photos/t/01E25EBZS3W0FY9GTG6C42E1SE/t_htl-dskt/tix-hotel/images-web/2021/03/12/77657d9e-7b54-472d-b88d-f8eee6a76d97-1615541721186-884efdc94b1afab8ea65a8546956a812.jpg,Darajat 4R Cottage Syariah,Cottage,Pasirwangi Garut,Karyamekar. Pasirwangi. Garut Regency. West Java 44161. Indonesia. Garut,3.9,295850,295850,-7.218198,107.751142
308,https://s-light.tiket.photos/t/01E25EBZS3W0FY9GTG6C42E1SE/t_htl-dskt/tix-hotel/images-web/2020/10/31/e90c7a19-c213-438e-a376-77bcba9b2b6e-1604135547873-a4a6cbf056a8a29112298ebe4d828d56.jpg,Hazza Homestay Syariah,Homestay,Tarogong Kaler Garut,Gerbang Hitam samping RM. Alfamart. Sebelah POM Bensin sebrang. Jl. Kp. Malayu. Mekarwangi. Tarogong Kaler,3.7,158007,286656,-7.210852,107.857971
309,https://s-light.tiket.photos/t/01E25EBZS3W0FY9GTG6C42E1SE/t_htl-dskt/tix-hotel/images-web/2022/02/23/1d263d0a-0388-4d3f-9228-b61508218ec6-1645581921599-d312f9c95167f18ee6149055c0531ad4.jpg,RedDoorz Premium @ Joglo Garut Cottage Syariah,Cottage,Tarogong Kidul Garut,Jl. Proklamasi No.45. Jayaraga. Kec. Tarogong Kidul. Kabupaten Garut. Jawa Barat 44151. Indonesia,3.8,280286,450450,-7.194599,107.898484
310,https://s-light.tiket.photos/t/01E25EBZS3W0FY9GTG6C42E1SE/t_htl-dskt/tix-hotel/images-web/2022/03/30/02aedc3d-fd6e-4d8e-868d-c3ca307aa195-1648581331307-35be1b65b2e263c1512d1b5ea5571861.jpg,SPOT ON 90921 Wisma Pkpn 2,Hotel,Cilawu Garut,79B. Garut. Jawa Barat. Indonesia. Garut,3.3,54622,74741,-7.234181,107.906974
311,https://s-light.tiket.photos/t/01E25EBZS3W0FY9GTG6C42E1SE/t_htl-dskt/tix-hotel/images-web/2021/11/09/b6195816-228c-4ff9-87fc-6618efc1d4bb-1636443646365-dfb862607a7ddd0e3f28dfc39c63ff16.jpg,Yokotel City,Hotel,Cicendo Bandung,Jl doktor radjiman no 3,4.5,291243,378386,-6.903819622679966,107.59827595593367
312,https://s-light.tiket.photos/t/01E25EBZS3W0FY9GTG6C42E1SE/t_htl-dskt/tix-hotel/images-web/2021/03/12/adef91b5-37f5-49b8-b9f7-6f18c77716c4-1615560338572-197b694e7c9c409d4d53b807d4e612f6.jpg,OYO 2562 Pondok Tajlibu Syifa Syariah,Hotel,Sukajadi Bandung,Jl. Sederhana No.29/61. Pasteur. Kec. Sukajadi. Kota Bandung. Jawa Barat 40161. Indonesia. Bandung,3.0,83103,105555,-6.894593,107.598491
313,https://s-light.tiket.photos/t/01E25EBZS3W0FY9GTG6C42E1SE/t_htl-dskt/tix-hotel/images-web/2020/10/31/2e720750-a51f-40d5-8fa9-f5bb43a0b3ad-1604122736674-370d6fd65254e04c1900f6a87f97d964.jpg,Bobobox Paskal,Capsule Hotel,Cicendo Bandung,Jl. Pasir Kaliki No.76A. Pasir Kaliki. Cicendo. Kota Bandung. Jawa Barat 40171. Indonesia,4.5,208000,209700,-6.910288,107.598085
314,https://s-light.tiket.photos/t/01E25EBZS3W0FY9GTG6C42E1SE/t_htl-dskt/tix-hotel/images-web/2021/03/12/5fd4b9dd-7f73-41f4-994d-37e1f7ca7c4c-1615562740053-88f5c4b1175c94875ad2f5907f999a05.jpg,RUMAH TAMU CIUMBULEUIT,Guest House,Cidadap Bandung,JALAN GUNUNG KENCANA NO 3 RT 06 RW 06 KELURAHAN CIUMBULEUIT KECAMATAN CIDADAP KOTA BANDUNG,4.5,146500,146500,-6.871889,107.608375
315,https://s-light.tiket.photos/t/01E25EBZS3W0FY9GTG6C42E1SE/t_htl-dskt/tix-hotel/images-web/2020/10/31/8c4b7a0b-3fb4-4094-a017-955a9db8fff1-1604122625194-e2fe0f697e5ff5bd4b9a2c08a1f65a72.jpg,TEMMU Co-Living,Hostel,Cicendo Bandung,Jl. Abdul Rahman Saleh No.68 A. Husen Sastranegara. Cicendo. Kota Bandung. Jawa Barat 40171. Indonesia,4.4,134999,274999,-6.907407,107.581531
316,https://s-light.tiket.photos/t/01E25EBZS3W0FY9GTG6C42E1SE/t_htl-dskt/tix-hotel/images-web/2020/10/31/3ad0af7a-f642-4137-9ad4-b5e27009b1b8-1604122922876-9786b9ea1cb27f3f1d31d5fee4af5d12.jpg,Hotel Rumah Tawa Syariah,Guest House,Sumur Bandung Bandung,Jl. Taman Cibunut Selatan No. 6,4.4,250000,275000,-6.917004,107.614935
317,https://s-light.tiket.photos/t/01E25EBZS3W0FY9GTG6C42E1SE/t_htl-dskt/tix-hotel/images-web/2020/10/28/bc360be5-8863-43a1-afec-fbdca58f0dae-1603903616842-f138a3b8c1c7284860b081bf0ccacb2b.jpg,Ruby Hotel Syariah,Hotel,Cicendo Bandung,Jl. DR. Rubini No.4. Pasir Kaliki. Cicendo. Kota Bandung. Jawa Barat. Indonesia,4.3,370000,425000,-6.905477,107.599113
318,https://s-light.tiket.photos/t/01E25EBZS3W0FY9GTG6C42E1SE/t_htl-dskt/tix-hotel/images-web/2020/10/31/3d20109f-e916-44b4-97b8-5ceb050dac38-1604139679967-4a33ba2b6bba6d95321532d370cd2301.jpg,Shakti Capsule Cihampelas Bandung,Capsule Hotel,Coblong Bandung,Jl. Cihampelas No. 119. bandung,4.2,119999,149999,-6.897066,107.60374
319,https://s-light.tiket.photos/t/01E25EBZS3W0FY9GTG6C42E1SE/t_htl-dskt/tix-hotel/images-web/2021/02/22/0a5c0433-e603-43c6-9e11-b7ae1bdbdbe9-1613952912419-0006120cd897a51e6fceecaaecdd48a8.jpg,Stay Inn Bandung,Guest House,Cicendo Bandung,Istana Regeny II No B-7,4.3,261250,451808,-6.898956,107.58727
320,https://s-light.tiket.photos/t/01E25EBZS3W0FY9GTG6C42E1SE/t_htl-dskt/tix-hotel/images-web/2020/10/28/846951ed-4941-429f-94eb-f4baeb531593-1603880130638-690cb0addf2d8393362e436acfaecb7e.jpg,Cherry Homes Hotel & Residence,Hotel,Sukajadi Bandung,Jl. Babakan Jeruk IV No. 37-39 ,4.1,169393,305766,-6.885696,107.585913
321,https://s-light.tiket.photos/t/01E25EBZS3W0FY9GTG6C42E1SE/t_htl-dskt/tix-hotel/images-web/2020/10/28/9db25a07-4b63-4c2c-bd0b-eb524f92f580-1603888066582-e3e88b4436a71c041cdef009b4926807.jpg,Ottenville Boutique Hotel,Hotel,Cicendo Bandung,Jl. Dr. Otten No. 6,4.2,280000,800000,-6.90313,107.60062
322,https://s-light.tiket.photos/t/01E25EBZS3W0FY9GTG6C42E1SE/t_htl-dskt/tix-hotel/images-web/2020/10/29/88c27285-8e46-4ee1-857f-cd2ab9cee34b-1603915973433-b01b817dee4d3c8e81775b1d191e9828.jpg,Alam Permai Hotel,Hotel,Cidadap Bandung,Jl. Dr. Setiabudi No.432. Isola. Sukasari. Kota Bandung. Jawa Barat 40154. Indonesia,3.9,200000,200000,-6.84353,107.600637
323,https://s-light.tiket.photos/t/01E25EBZS3W0FY9GTG6C42E1SE/t_htl-dskt/tix-hotel/images-web/2021/03/12/daf2eefb-7beb-44cc-beea-855bceb15f2b-1615560903571-37633e77fba71dfa37a419ba18ca5e6e.jpg,Smart Capsule by Buton,Capsule Hotel,Cicendo Bandung,Jl. H. Akbar No.19. Pasir Kaliki. Kec. Cicendo. Kota Bandung. Jawa Barat . Indonesia,4.2,99999,199999,-6.911003,107.600059
324,https://s-light.tiket.photos/t/01E25EBZS3W0FY9GTG6C42E1SE/t_htl-dskt/tix-hotel/images-web/2020/10/28/7661ff73-1f92-42d4-a7d3-d8981891b5c3-1603884561999-40a9760f185693f118c534e4002b6d7b.jpg,Andelir Hotel Bandung,Hotel,Sukajadi Bandung,Jl. Prof. Eyckman No.19 - 21. Pasteur. Kec. Sukajadi. Kota Bandung. Jawa Barat 40161,4.0,299999,399999,-6.895785,107.600941
325,https://s-light.tiket.photos/t/01E25EBZS3W0FY9GTG6C42E1SE/t_htl-dskt/tix-hotel/images-web/2022/06/17/6c6b85ef-d53b-4638-ac78-14d6f8511893-1655433060491-c802e3071906cbf389dbb797cbfbaa8d.jpg,Rooms Inc BTC Bandung,Hotel,Cicendo Bandung,Jl. Djundjunan No. 143-149,4.0,432000,540000,-6.8954,107.58886
326,https://s-light.tiket.photos/t/01E25EBZS3W0FY9GTG6C42E1SE/t_htl-dskt/tix-hotel/images-web/2021/03/12/7c103f97-1fda-4f99-84dc-ae5e4871488a-1615562306428-fed3ea233aeaccfc0516faed6cf3c33f.jpg,Amaryllis Hotels,Hotel,Sukajadi Bandung,Jl. Lamping No.18. RT.001/RW.005. Pasteur. Kec. Sukajadi. Kota Bandung. Jawa Barat 40161,4.1,354000,590000,-6.887111,107.600802
327,https://s-light.tiket.photos/t/01E25EBZS3W0FY9GTG6C42E1SE/t_htl-dskt/tix-hotel/images-web/2020/10/31/fd8ce733-58dd-4744-b940-6418821faca2-1604134163803-6a882797e0952a815d45f93ceec0adac.jpg,Hotel Bumi Asih Gedung Sate Bandung,Hotel,Bandung Wetan Bandung,Jl. Cilamaya No.1. Citarum. Kec. Bandung Wetan. Kota Bandung. Jawa Barat,4.0,258119,900000,-6.903321,107.616673
328,https://s-light.tiket.photos/t/01E25EBZS3W0FY9GTG6C42E1SE/t_htl-dskt/tix-hotel/images-web/2020/10/29/88b9e0e4-b3b6-4cba-a1c8-c8a850b75aa9-1603924585715-d51c118a524b0782d427f2105e15d334.jpg,Wirton Dago Hotel,Hotel,Coblong Bandung,Jl. Ir. H.Djuanda No.395. Dago. Coblong. Kota Bandung. Jawa Barat 40135. Indonesia,4.0,241002,396750,-6.869186,107.620191
329,https://s-light.tiket.photos/t/01E25EBZS3W0FY9GTG6C42E1SE/t_htl-dskt/tix-hotel/images-web/2021/03/12/9652ba5a-da17-4300-9327-8d6b430e17d2-1615555971264-eb06f21ad4cca8db574b869249aed40a.jpg,Sapadia Guest House,Guest House,Coblong Bandung,Jl. Mundinglaya No. 2. Dago. Bandung,3.8,237515,319999,-6.897999,107.610593
330,https://s-light.tiket.photos/t/01E25EBZS3W0FY9GTG6C42E1SE/t_htl-dskt/tix-hotel/images-web/2020/10/31/25cbbe1c-9dd2-4ab4-b43c-05cf6f5da92f-1604159482614-b1ddca632aad2c1717cafe0d9f7ada6e.jpg,Cherry Homes Express Hotel,Hotel,Sukajadi Bandung,Jl. Surya Sumantri No. 93,3.9,229325,388000,-6.88356,107.58147
331,https://s-light.tiket.photos/t/01E25EBZS3W0FY9GTG6C42E1SE/t_htl-dskt/tix-hotel/images-web/2022/03/30/d9a125c2-5814-449c-b39e-22359ba6445f-1648622126688-c82172eace4f1955774317f2336f4d0f.jpg,Hotel Sabang Bandung,Hotel,Bandung Wetan Bandung,Jl. Sabang No.101. Citarum. Kec. Bandung Wetan. Kota Bandung. Jawa Barat 40115. Indonesia,3.7,275000,450000,-6.909453,107.624075
332,https://s-light.tiket.photos/t/01E25EBZS3W0FY9GTG6C42E1SE/t_htl-dskt/tix-hotel/images-web/2020/10/31/0e171039-25a9-4811-9cc1-899f40a3302a-1604152116759-8cc1e5aeaca6c130e0420e750d58a8e1.jpg,CT 195 Bandung,Kos,Sukajadi Bandung,Jl. Cipedes Tengah No.195. Sukagalih. Kec. Sukajadi. Kota Bandung. Jawa Barat,3.8,99999,229999,-6.880038,107.5901132
333,https://s-light.tiket.photos/t/01E25EBZS3W0FY9GTG6C42E1SE/t_htl-dskt/tix-hotel/images-web/2021/02/02/be71cbd3-6625-433c-b39c-9ee53dcb0f70-1612248908957-8ce8babc8e8350850a3cda4240e8b45f.jpg,Bantal Guling Trans,Guest House,Batununggal Bandung,Jl. Gatot Subroto No.194. Gumuruh. Kec. Batununggal. Kota Bandung. Jawa Barat 40274,3.6,98414,378000,-6.930281,107.639358
334,https://s-light.tiket.photos/t/01E25EBZS3W0FY9GTG6C42E1SE/t_htl-dskt/tix-hotel/images-web/2020/10/31/86484fa8-716a-443e-b5de-f8d58f992d8f-1604151725243-838b16578afcda3150c9306eaf8f10aa.jpg,Ariandri Boutique Hotel,Hotel,Sukajadi Bandung,Jl. Sukakarya No.15. Sukagalih. Kec. Sukajadi. Kota Bandung. Jawa Barat,3.5,134999,449999,-6.887988,107.582531
335,https://s-light.tiket.photos/t/01E25EBZS3W0FY9GTG6C42E1SE/t_htl-dskt/tix-hotel/images-web/2021/09/02/d0167bd4-435f-409e-9dcf-18c2d6f8fe38-1630573262332-3aba57c37c48fc20157be72ff843d5ab.jpg,Collection O 90641 Sky City Home,Hotel,Coblong Bandung,Jalan Dago Asri no 1c  Cisitu Lama. Ciumbuleuit. Jawa Barat. 40135. Indonesia. Bandung,3.6,159594,212792,-6.879829,107.613808
336,https://s-light.tiket.photos/t/01E25EBZS3W0FY9GTG6C42E1SE/t_htl-dskt/tix-hotel/images-web/2020/11/15/ac080399-8d78-4321-b7a0-ad1052383074-1605459091325-730277a8dca3cc18825b663beff59b21.jpg,Hotel Lotus Bandung,Resort,Coblong Bandung,Jl. Tubagus Ismail VIII No. 45. Bandung 40134,3.5,149999,284999,-6.880683,107.621006
337,https://s-light.tiket.photos/t/01E25EBZS3W0FY9GTG6C42E1SE/t_htl-dskt/tix-hotel/images-web/2020/11/01/f8b1affa-b492-4765-bd08-a6724839e00b-1604171099947-b186308531729bb29a67baeeab382318.jpg,Budi House & Food Station,Hostel,Cicendo Bandung,Jl. Budhi No.27. 02. Sukaraja. Cicendo. Kota Bandung. Jawa Barat 40175. Indonesia,3.4,102960,200001,-6.890753,107.558874
338,https://s-light.tiket.photos/t/01E25EBZS3W0FY9GTG6C42E1SE/t_htl-dskt/tix-hotel/images-web/2022/01/21/2d271ea1-6bcd-4c4d-997d-7a0142656ae4-1642704918620-0d9d6bddf4c50a6458d12d91ff8d0a17.jpg,Hotel Cihampelas 2,Hotel,Coblong Bandung,Jl. Cihampelas No.222. Cipaganti. Kecamatan Coblong. Kota Bandung. Jawa Barat,3.2,275000,275000,-6.88999,107.604378
339,https://s-light.tiket.photos/t/01E25EBZS3W0FY9GTG6C42E1SE/t_htl-dskt/tix-hotel/images-web/2020/10/28/6718da3d-8375-4f02-96f5-ec06ecc39179-1603892500557-c7ed1792f20c7af84661983d4578f942.jpg,Hotel Citradream Bandung,Hotel,Cicendo Bandung,Jl. Pasir Kaliki No.36-42. Pasir Kaliki. Kec. Cicendo. Kota Bandung. Jawa Barat,4.3,294913,350793,-6.911884,107.598178
340,https://s-light.tiket.photos/t/01E25EBZS3W0FY9GTG6C42E1SE/t_htl-dskt/tix-hotel/images-web/2022/06/23/6d108fdb-e88d-436c-b7f3-d36f4863eed3-1655923532388-68cc975b1e1feed419814526a0507916.jpg,OYO Flagship 91295 Suria City Hotel Syariah,Hotel,Lengkong Bandung,75. Jl. Pelajar Pejuang 45 No 75. Lkr. Sel.. Kec Lengkong.Kota Bandung.. Bandung,3.8,156851,309517,-6.929972,107.626586
341,https://s-light.tiket.photos/t/01E25EBZS3W0FY9GTG6C42E1SE/t_htl-dskt/tix-hotel/images-web/2021/04/05/5084b795-aab9-4ad9-af03-e3d518345af9-1617617715146-6271c8bd8794c219811c2af047eec3ca.jpg,Raffleshom Hotel,Hotel,Asia Afrika Bandung,Jl. Pangarang No.24. Cikawao. Kec. Lengkong. Kota Bandung. Jawa Barat,4.2,227732,1356737,-6.924115,107.60998
342,https://s-light.tiket.photos/t/01E25EBZS3W0FY9GTG6C42E1SE/t_htl-dskt/tix-hotel/images-web/2020/10/29/9ec2c366-67bf-438e-b261-20e857975c68-1603930670747-b88a74ce2ea0d353e9a41008ad4fd07d.jpg,Sari Ater Hotel & Resort,Resort,Ciater Subang,Jl. Raya Ciater - Ciater. Lembang. Ciater. Indonesia. 41281,3.8,162380,2272952,-6.737574,107.6533683
343,https://s-light.tiket.photos/t/01E25EBZS3W0FY9GTG6C42E1SE/t_htl-dskt/tix-hotel/images-web/2020/10/31/7adf5311-9b86-40aa-afc4-88ab90849f6a-1604156571857-1359ea1ab3eea80ab9f50a6d513eea44.jpg,OYO 2141 Pondok Pulo Sari 2,Hotel,Ciater Subang,Jl. Sari Alam. Nagrak. Kec. Ciater. Kabupaten Subang. Jawa Barat 41281. Indonesia. Subang,2.9,88001,290839,-6.739916,107.658059
344,https://s-light.tiket.photos/t/01E25EBZS3W0FY9GTG6C42E1SE/t_htl-dskt/tix-hotel/images-web/2020/11/01/e16ce5b8-2d22-43e3-8072-6dd7f9caa8e8-1604173423225-9a53ab3d7ed70c2b0b0193e6ffba46c1.jpg,OYO 3040 D'pineapple Villa,Hotel,Ciater Subang,Ciater. Jawa Barat. Subang,3.5,152702,487587,-6.739813,107.653889
345,https://s-light.tiket.photos/t/01E25EBZS3W0FY9GTG6C42E1SE/t_htl-dskt/tix-hotel/images-web/2021/02/26/507fdaea-23c2-4449-ae64-a4ba93c3fb6e-1614324643708-6b984d9fe512c9a8d82c285fb7d8df0c.jpg,Kanaka Residence RedPartner,Hotel,Ciater Subang,Jl. Lembah Sarimas. Palasari. Kec. Ciater. Kabupaten Subang. Jawa Barat 41281. Indonesia,3.7,196560,217203,-6.73062,107.656271
346,https://s-light.tiket.photos/t/01E25EBZS3W0FY9GTG6C42E1SE/t_htl-dskt/tix-hotel/images-web/2021/05/29/39b09924-5c35-4dae-a612-afc8e228f0c9-1622260945079-a61a7c4efbffeab8f6a6d17ecd05f0f0.jpg,Bantal Guling Villa Lembang,Cottage,Lembang Bandung,Jl. Kolonel Masturi. Kampung Kramat No.1. Lembang. Jawa Barat 40391. Indonesia,3.7,229811,736313,-6.82111,107.607373
347,https://s-light.tiket.photos/t/01E25EBZS3W0FY9GTG6C42E1SE/t_htl-dskt/tix-hotel/images-web/2020/10/31/7e7df173-794e-45bc-9c9d-74ef5d44637c-1604133751781-2fa406d8b2541bca9bda73792ebf5031.jpg,Hotel Bumi Makmur Indah,Hotel,Lembang Bandung,Jl. Raya Lembang No.224. Lembang. Bandung. Kabupaten Bandung Barat. Jawa Barat 40391. Indonesia,4.0,298934,349613,-6.813468,107.615796
348,https://s-light.tiket.photos/t/01E25EBZS3W0FY9GTG6C42E1SE/t_htl-dskt/tix-hotel/images-web/2021/03/08/2d20d604-5e88-41fe-82dc-219bb3f93c9a-1615193121011-6bf6d437cbe7fb0280fa89032ed3b170.jpg,RedDoorz near Lembang Park & Zoo,Hotel,Lembang Bandung,Jl. Melati Jl. Sersan Bajuri No.18. Cihideung. Kec. Parongpong. Kabupaten Bandung Barat. Jawa Barat 40559. Indonesia,4.0,166404,209625,-6.812046,107.595421
